person_id,candidacy_id,name,pledge
19461111,7643,강창희,안영동 스포츠과학단지 조성
19461111,7643,강창희,중앙로 문화예술 지구 명소화
19461111,7643,강창희,도청이전부지 대전시로 소유 이전 및 부지활용
19461111,7643,강창희,보문산 관광벨트 육성
19461111,7643,강창희,태평·유천지역 고등학교 유치
19521128,9005,이해찬,사교육이 필요없는 한국 최고의 교육·문화도시 창조
19521128,9005,이해찬,都·農이 어우러지는 친환경 미래산업 육성
19521128,9005,이해찬,10만 인구의 경제중심 조치원 건설
19521128,9005,이해찬,4조원 추가 투자로 지역격차 해소 및 시민복지 향상
19521128,9005,이해찬,세종시 특별법 개정으로 미국 워싱턴 D.C.에 버금가는 세계 최고 수준의 행정중심복합도시 건설
19481130,9385,이인제,"행복한 노년, 밝게 웃는 아이들 희망찬 미래를 열겠습니다. - 건강한 삶이 보장되는 1등 복지사회"
19481130,9385,이인제,농촌+산업단지+도시의 특성을 살려 살맛나는 논산·금산·계룡을 만들겠습니다.
19481130,9385,이인제,경쟁력있는 농축산업 육성으로 농촌경제 활성화에 앞장서겠습니다.   - 농축산업 피해보상 적극 지원
19481130,9385,이인제,"지역을 위한 끊임없는 노력, 멈추지 않겠습니다."
19481130,9385,이인제,"소상공인, 자영업자를 위한 정책으로 중산층과 서민경제를 살리겠습니다."
19511101,9078,이석현,"5. 안양, 의왕, 군포 3개시 통합 추진"
19511101,9078,이석현,4. 각급학교 다목적체육관 건립 지원
19511101,9078,이석현,"3. 4호선 전철, 출퇴근시간 배차간격을 현재 7분에서 3분으로 단축"
19511101,9078,이석현,2. 학교폭력 근절 및 학교가지 않는 주말에 돌봄 대책 마련
19511101,9078,이석현,1. 판교~안양~광명~월곶 복선전철의 조속한 건설
1951184,7745,원혜영,공약5. 행정·치안·안전서비스를 강화하겠습니다
1951184,7745,원혜영,공약4. 안전하고 교육하기 좋은 환경을 만들겠습니다
1951184,7745,원혜영,공약3. 제2의 오정대공원을 만들겠습니다
1951184,7745,원혜영,공약2. 고도제한 완화를 적극 추진하겠습니다
1951184,7745,원혜영,공약1. 오정구 지하철이 2017년 개통되도록 하겠습니다
194719,9399,홍문표,노인복지청 신설
194719,9399,홍문표,(가칭)FTA 피해보전기금 조성
194719,9399,홍문표,수도권 전철 예산과 홍성까지 노선 연장 추진
194719,9399,홍문표,원도심 공동화 방지를 위한 특별법 개정추진
194719,9399,홍문표,충남도청 이전 관련사업 차질 없는 추진
1951177,7373,정몽준,5. 환경 - 안전하고 쾌적한 환경이 조성됩니다!
1951177,7373,정몽준,4. 교육 - 우리 아이들의 미래가 밝아집니다!
1951177,7373,정몽준,3. 교통 - 더 편하고 더 빨라집니다!
1951177,7373,정몽준,2. 경제 - 동작에 일자리가 많아집니다!
1951177,7373,정몽준,1. 문화 - 동작의 삶이 즐거워집니다!
19541102,8497,신계륜,100세시대 맞이 활기찬 노후준비 지원
19541102,8497,신계륜,쾌적하고 걷기좋은 푸른 성북 환경개선
19541102,8497,신계륜,"건강한 생활, 생활체육진흥을 위한 지원확대"
19541102,8497,신계륜,중소·영세 자영업자에 대한 실질적 지원 대책 마련
19541102,8497,신계륜,서민주거안정과 주거환경개선의 균형적 안정을 위한 국가적 책임확대
1945194,8538,이재오,국민임대주태 및 시프트(Shift) 등 서민주택 문제 해결
1945194,8538,이재오,<은평새길>·<통일로 대체 우회도로> 조기 추진
1945194,8538,이재오,학교폭력 근절을 위한 안전망 구축
1945194,8538,이재오,대학유치 등 국립보건원 부지 조기착공 추진
1945194,8538,이재오,6호선 복선화 및 연장선 추진과 6~3호선 간 연결선 추진
19531101,8443,김한길,공약1. 중곡역(국립서울병원 포함) 주변 12만 5천평 부지 전체 신속한 개발 추진
19531101,8443,김한길,공약5. 주거 환경의 획기적 개발
19531101,8443,김한길,공약4. 중학교 신설 및 학교 현대화 사업
19531101,8443,김한길,공약3. 광장동 운동장 부지를 문화체육복합시설로 개발
19531101,8443,김한길,공약2. 군자역 일대를 서울 동부권의 새로운 중심지로 육성
1945113,18810,문희상,호원동 군부대 이전 추진 및 근린공원 조성
1945113,18810,문희상,녹양동 명품 아웃렛 대규모단지 조성
1945113,18810,문희상,호원동 캠프 잭슨 예술종합대학 유치
1945113,18810,문희상,가능동 캠프 레드크라우드 국제테마관광단지 추진
1945113,18810,문희상,GTX 조기착공 및 전철 1호선 지하화 추진
19531117,9300,정우택,젊고 활기찬 ‘스마트 상당’ 구현
19531117,9300,정우택,맞춤형 복지 강화
19531117,9300,정우택,청년 일자리 창출 및 대학생 지원 강화
19531117,9300,정우택,서민경제 활성화
19531117,9300,정우택,도심공동화 해소
19421165,9333,송광호,(공약 5) 4선의 힘으로 ‘관광단양’을 더욱 발전 시키겠습니다
19421165,9333,송광호,(공약 4) 4선의 힘으로 제천 경제를 크게 발전 시키겠습니다
19421165,9333,송광호,(공약 3) ‘청풍호 물 길 100리 사업’을 본격 추진하겠습니다
19421165,9333,송광호,"(공약 2) 사람과 기업이 찾아오는 제천,단양을 만들겠습니다"
19421165,9333,송광호,"(공약 1) 공정과 균형, 함께 잘사는 대한민국을 만들겠습니다"
194526,19142,김을동,"5. 어려운 분들에게 힘이 될 수 있는 일자리 정책과 복지정책, 지역상권 보호 대책을 마련하겠습니다."
194526,19142,김을동,"4. 주민의 삶을 안정화시키고, 질을 향상시키는 도시개발정책을 시행하겠습니다."
194526,19142,김을동,"3. 문정·가락지구, 가든파이브 거리를 『패션+공연+예술 복합거리』로 바꾸겠습니다."
194526,19142,김을동,2. 송파구 지역 경제에 활기를 불어넣어줄 핵심상업지구를 조성하겠습니다.
194526,19142,김을동,1. 송파구를『동남권의 명품 문화예술·보육·복지 복합단지』로 만들겠습니다.
1958211,18825,추미애,공약5. 건대역-구의역-강변역을 잇는 지식산업벨트를 구축하겠습니다.
1958211,18825,추미애,공약4. 기초노령연금 급여를 높이고 노인건강권을 강화하겠습니다.
1958211,18825,추미애,공약3. 고등학교까지 의무교육 및 무상급식을 추진하겠습니다.
1958211,18825,추미애,공약2. 부담 없이 아이를 키울 수 있는 세상을 만들겠습니다.
1958211,18825,추미애,공약1. 공정임금제를 도입해 비정규직 근로자 보호에 앞정서겠습니다.
19481137,19159,유인태,5. 무수골 생태치유공원 조성
19481137,19159,유인태,4. 급식/보육/의료부분의 보편적 복지정책 확대
19481137,19159,유인태,3. 고도제한구역 구민들을 위한 합리적 보상 방안 마련
19481137,19159,유인태,2. 우이-방학간 경전철 조기 착공
19481137,19159,유인태,1. 국철 1호선(청량리~의정부 구간) 지하화
1952173,6215,신기남,"마곡지구를 첨단산업, 생태, 문화예술이 어우러진 명품도시로 발전시키겠습니다"
1952173,6215,신기남,지하철 2호선을 까치산역에서 상암DMC까지 연장하겠습니다
1952173,6215,신기남,밤거리도 안심되는 ‘든든한 강서’를 만들겠습니다
1952173,6215,신기남,아이들이 맘 편히 공부할 수 있는 교육환경을 만들겠습니다
1952173,6215,신기남,자연과 어우러진 쾌적하고 푸른 강서를 만들겠습니다
19461107,7421,심재권,더불어 문화체육 생활 플랜
19461107,7421,심재권,"더불어 숲, 더불어 사람 플랜"
19461107,7421,심재권,더불어 사는 복지마을 플랜
19461107,7421,심재권,더불어 사는 꿈나무들 플랜
19461107,7421,심재권,더불어 사는 강동의 삶 플랜
19481123,8665,정의화,공약5. 산복도로 교통체계를 획기적으로 개선
19481123,8665,정의화,공약4. 도시영세민을 위한 도시가스 연결사업 추진
19481123,8665,정의화,공약3. 도시재생을 통한 원도심주거환경을 획기적으로 개선
19481123,8665,정의화,공약2. 부산역 ~ 부산진역 역세권 개발로 복합도심 조성
19481123,8665,정의화,공약1. 부산항 일대를 세계적 미항으로 조성
1968139,8740,조경태,공약5. 신평-장림산업단지를 최첨단 디지털르네상스 밸리로 조성
1968139,8740,조경태,공약4. 구평 - 사하경찰서 - 을숙도대교 고속지하차도 건설
1968139,8740,조경태,공약3. 다대포1해수욕장 복원사업 및 다대해양관광단지 조성
1968139,8740,조경태,공약2. 감천도시철도 건설
1968139,8740,조경태,공약1. 지하철 다대선 차질없는 마무리
19551151,18861,김동철,우산·월곡·운남지역 「청소년 교육문화센터」조성
19551151,18861,김동철,도시철도 2호선 「월곡동-우산동-신흥동-광주송정역」구간 지선 신설 및 본선과 동시착공
19551151,18861,김동철,"평동·삼도동 포사격장 및 훈련장 이전 부지를 활용, 기업·교육·문화·레저시설 육성"
19551151,18861,김동철,"광주역을 광주송정역으로 일원화하고, 광주송정역 복합환승센터를 국토 서남권의 물류·교통 중심지로 육성"
19551151,18861,김동철,군용비행장 이전을 통한 소음문제 근본적 해결
19551153,19170,홍문종,"전철7호선, 先 의정부 노선을 경전철과 연계하고 경기북부까지 단계적으로 추진하겠습니다."
19551153,19170,홍문종,"사통팔달 의정부, 꽉 막힌 교통 시원하게 뚫겠습니다."
19551153,19170,홍문종,"갈수록 힘든 의정부, 지역경제를 살리겠습니다."
19551153,19170,홍문종,의정부를 경기북부의 교육·창업의 실리콘밸리로 만들겠습니다.
19551153,19170,홍문종,"미군공여지 친환경적 개발, 의정부 시민의 품으로 찾아오겠습니다."
19581117,9080,심재철,■ 지역내 교육·문화·체육 공간 확대 적극 추진
19581117,9080,심재철,"■ 재개발·재건축 적극지원, 아파트 리모델링 촉진"
19581117,9080,심재철,■ 안양-군포-의왕 3개 시 통합 적극 추진
19581117,9080,심재철,■ 안양교도소문제 이전 등 발전적 방안 모색
19581117,9080,심재철,■ 인덕원 ~ 수원 전철 조속 착공
19421168,9473,박지원,"99%를 위한 보편적 복지, 취약계층 복지 향상"
19421168,9473,박지원,신산업 육성으로 새 일자리 창출
19421168,9473,박지원,안전하고 살기 좋은 ‘웰빙 문화도시’ 조성
19421168,9473,박지원,서남권 해양레저관광 중심도시 육성
19421168,9473,박지원,국제물류교통 허브도시 육성
1966172,9526,김승남,5. 차(茶)산업 육성지원
1966172,9526,김승남,4. 고흥개발촉진지구 지정에 따른 지역균형발전 지원
1966172,9526,김승남,3. 우주항공클러스터 조기 구축(고흥만 간척지 용도 변경 추진)
1966172,9526,김승남,2. 득량만권 청정 휴양 관광벨트 조성사업
1966172,9526,김승남,1. 생명산업을 선도하는 자연재배 메카 조성
19551102,7764,김영환,5. 월피동 대학캠퍼스 유치
19551102,7764,김영환,4. 99%를 위한 경제민주화 실현
19551102,7764,김영환,3. 안산 올레길 추진
19551102,7764,김영환,2. 안산 대표기업 유치를 통한 지역경제 활성화
19551102,7764,김영환,1. 신안산선 조기 개통 추진 및 역사 추가신설
1950181,8411,정세균,공약5 주민을 편안하게
1950181,8411,정세균,공약4 문화를 빛나게
1950181,8411,정세균,공약3 교육이 알차게
1950181,8411,정세균,공약2 복지를 꼼꼼하게
1950181,8411,정세균,공약1 경제를 활기차게
19521138,9481,김성곤,공약 5. 도서(섬)관광 활성화 추진
19521138,9481,김성곤,공약 4. 도심 주택 도시가스 보급확대를 위한 제도개선
19521138,9481,김성곤,공약 3. 문화체육 공간의 확대로 삶의 질 향상
19521138,9481,김성곤,공약 2. 여수신항 대체부두(신북항) 조기 착공
19521138,9481,김성곤,공약 1. 세계박람회의 성공적 사후활용을 통한 행복한 여수건설
19511108,9626,이주영,마산의료원 신축
19511108,9626,이주영,마산~거제간 국도 5호선(로봇랜드 진입도로 포함) 개설
19511108,9626,이주영,로봇비즈니스 벨트 조성 추진
19511108,9626,이주영,마산 로봇랜드 조성
19511108,9626,이주영,통합시 청사 마산 유치
1950188,8965,정갑윤,혁신도시 성공적인 정착
1950188,8965,정갑윤,국민행복시대 실현
1950188,8965,정갑윤,경제민주화 구현
1950188,8965,정갑윤,국립시설물 유치 및 건립
1950188,8965,정갑윤,최고의 지역 교육인프라 구축
195319,9096,설훈,길병원 건설 조속 추진
195319,9096,설훈,보육시설 및 유치원 지원 확대 및 돌봄 기능 강화
195319,9096,설훈,서울외곽순환도로 (장수-계양) 지하도로 개설 조속 추진
195319,9096,설훈,마을이 학교다! - 부천지역사회와 함께하는 마을 공동체 학교 만들기
195319,9096,설훈,부천을 창의·지성 교육 모델 지구로 지정되게 하겠습니다.
1957191,7300,정두언,서대문 주민 편의시설을 확충 하겠습니다.
1957191,7300,정두언,'경전철 서부선'이 정상적으로 착공될 수 있도록 하겠습니다.
1957191,7300,정두언,교육 때문에 사람이 몰리는 서대문을 만들겠습니다.
1957191,7300,정두언,중소상공인들이 다시 기를 펴는 세상을 만들겠습니다.
1957191,7300,정두언,서민들이 다시 기를 펴는 세상을 만들겠습니다.
1964170,8580,이인영,공약 5. 생태문화도시 구로 조성
1964170,8580,이인영,공약 4. 구로 서민경제 활성화
1964170,8580,이인영,공약 3. 구로 주거 생활환경 개선
1964170,8580,이인영,공약 2. 구로 교육 향상
1964170,8580,이인영,공약 1. 전철 1호선 지하화로 휴먼밸리 추구
19591111,8821,조원진,공약5 학교폭력문제 해결
19591111,8821,조원진,공약4 관내 남자고등학교 설립
19591111,8821,조원진,공약3 ‘먹는 물’ 문제 해결
19591111,8821,조원진,공약2 남부권 신공항 건설
19591111,8821,조원진,공약1 대구시청을 두류정수장 부지로 이전
19471117,8841,황우여,GTX(광역급행철도) 송도~청량리 구간 건설 추진
19471117,8841,황우여,인권센터 건립
19471117,8841,황우여,일자리의 체계적 창출
19471117,8841,황우여,과학예술영재학교 유치
19471117,8841,황우여,송도 경제자유구역 활성화
1964154,7610,강기정,"운정동 위생매립장 생태공원 조성, 무등산 국립공원 지정추진"
1964154,7610,강기정,호남고속도로 동광주~서광주IC 확장
1964154,7610,강기정,KTX 광주역 진입과 역세권 개발 추진
1964154,7610,강기정,어르신 복지와 출산·보육을 지원하겠습니다.
1964154,7610,강기정,경제민주화와 서민생활을 안정시키겠습니다.
19521154,18802,박병석,편리하고 안전한 교통체계 혁신
19521154,18802,박병석,"행복한 서구, 발전하는 서구 - 여성·아동·어르신 복지 증진"
19521154,18802,박병석,"민생문제 최우선, 일자리 창출·안정화"
19521154,18802,박병석,"경제민주화 실현, 소상공인·영세자영업자 자생력 강화"
19521154,18802,박병석,"세종시, 국제과학비즈니스벨트 성공적 추진"
1965190,9027,남경필,5. 수원에 프로야구 제10구단 유치!
1965190,9027,남경필,"4. 수원시 행정구역, 현행 4개구에서 5개구로 증설!"
1965190,9027,남경필,"3. 사람이 들끓는 행궁동과 지동, 다시 수원의 중심상권으로!"
1965190,9027,남경필,"2. 서울농대 부지, 생태관광공원로 조성하여 서둔동과 탑동의 지역경제 활성화!"
1965190,9027,남경필,1. 수원역이 KTX의 출발역과 종착역이 되어 경기도 거점역으로 재탄생! 수원-서울간 통근전용열차 개통!
19571101,7718,이종걸,어르신 건강과 노후보장
19571101,7718,이종걸,월곶~판교 복선전철화 및 박달역·충훈부역 유치
19571101,7718,이종걸,안양6동 변전소 옥내화 잔여부지의 주차·체육시설 등 주민편의시설 확보
19571101,7718,이종걸,박달동 예비군훈련장·탄약고 이전 및 박달·석수 스마트경제지구 조성
19571101,7718,이종걸,‘스마트 경제도시 만안’ 조성을 통한 지역경제활성화와 일자리창출
19621103,9129,정성호,융복합 도시개발 특별법제정
19621103,9129,정성호,국도3호선 우회도로 조기개통 및 보상비지원(상패~청산)
19621103,9129,정성호,39번 국지도 도로 확포장 조기추진
19621103,9129,정성호,동두천 미군공여지 지원도시 지정 및 발전종합계획 실현
19621103,9129,정성호,전철7호선(의정부장암~양주고읍) 연장추진
1963169,7805,윤호중,1% 특권정치 끝장내고 99% 희망정치 열겠습니다.
1963169,7805,윤호중,아이 키우기 좋은 환경 만들겠습니다.
1963169,7805,윤호중,서민주거안정 실현하겠습니다.
1963169,7805,윤호중,"전통시장, 골목상권 살려 지역경제 활성화하겠습니다."
1963169,7805,윤호중,구리시민의 발 광역 대중교통망 확충하겠습니다.
19621102,9116,원유철,공약 5. 의료·복지시설 확충 및 복지서비스 확대
19621102,9116,원유철,공약 4. 대중교통문제 불편해소
19621102,9116,원유철,공약 3. 국제관광명소시장 지정
19621102,9116,원유철,공약 2. 교육국제화특구 지정
19621102,9116,원유철,"공약 1. 삼성,LG 평택시민 우선고용 추진"
1958179,7886,정병국,"교육, 문화, 복지, 생활환경 개선을 통한 삶의 질 향상"
1958179,7886,정병국,문화관광산업 활성화로 일자리창출과 지역경제 활성화
1958179,7886,정병국,산업·교통 인프라 구축
1958179,7886,정병국,FTA 농어촌 지원 대책 마련
1958179,7886,정병국,"4년제 대학, 산업단지 조성을 막는 규제 철폐"
1965162,7934,황영철,기업유치 통한 일자리 창출
1965162,7934,황영철,농산물물류센터 건립
1965162,7934,황영철,비료값·사료값 인하를 통한 농업생산비 절감
1965162,7934,황영철,국도 6호선 선형개량사업 조기 완공 및 4차선 확장 추진
1965162,7934,황영철,용문~춘천 복선철도 홍천 경유
19611119,9295,염동열,석탄산업법 개정
19611119,9295,염동열,태영평정 청년 일자리 지원센터
19611119,9295,염동열,폐광지역 리조트 통합상품 개발
19611119,9295,염동열,태백선(쌍용~백산)복선 추진
19611119,9295,염동열,올림픽레인보우시티 건설
19571140,9321,노영민,◆ 살기 좋은 우리 동네 만들기 PROJECT
19571140,9321,노영민,◆ NEW -청주 서부 신도심 구성 PROJECT
19571140,9321,노영민,◎ 정책
1950197,9506,배기운,농자천하지대본 사업 및 지역 소통과 화합
1950197,9506,배기운,지역공동체 활성화 및 노인과 여성을 위한 복지혁명 추진
1950197,9506,배기운,명품 혁신도시 조성
1950197,9506,배기운,잘사는 나주·화순을 위한 지역공약
1950197,9506,배기운,3대 국정 프로젝트
19491108,8894,박주선,5. 보육·교육환경 개선과 광주 청년들의 취업기회 확대
19491108,8894,박주선,4. 골목상권 보호와 일자리 100만개 만들기 정책 추진
19491108,8894,박주선,3. 어르신 효도 정책과 정년 연장 추진
19491108,8894,박주선,2.재개발사업 등을 통한 친환경도시 구현 및 지역경제 살리기
19491108,8894,박주선,1. 국립아시아문화전당의 차질 없는 추진과 연계사업 활성화
19521140,9520,이낙연,공약 5. 장성 나노산단 완공을 지원하고 입주기업을 유치하겠습니다.
19521140,9520,이낙연,공약 4. 서남권 원자력의학원을 영광에 유치하겠습니다.
19521140,9520,이낙연,공약 3. 함평에 전남 축산물종합유통센터를 건립하겠습니다.
19521140,9520,이낙연,공약 2. 한국마사회 제5경마장을 담양에 유치하겠습니다.
19521140,9520,이낙연,공약 1. 농어촌부흥세를 신설하겠습니다.
19521108,8125,이병석,공약 5 광장 더+ 구성
19521108,8125,이병석,공약4 청년스타 만들기 프로젝트
19521108,8125,이병석,공약3 구도심 공동화 대책 마련
19521108,8125,이병석,공약2 녹색성장을 위한 신성장산업 기반 조성
19521108,8125,이병석,공약 1 KTX 포항직결 노선 건설
19551112,8166,강석호,백두대간 산림바이오테크노파크 조성
19551112,8166,강석호,강구항 연안항 개발사업 추진
19551112,8166,강석호,국립멸종위기종 복원센터 추진
19551112,8166,강석호,국도36호선 4차로 확장
19551112,8166,강석호,동서4축 고속도로
19541123,9678,김한표,3. 해양수산부 복원 및 관련 공공기관을 유치하겠습니다.
19541123,9678,김한표,2. 청소년 인재 육성 재단을 설립하겠습니다.
19541123,9678,김한표,1. 거제에 국제화 신도시를 조성하겠습니다.
19541123,9678,김한표,"5. 여성, 노인, 장애인을 체계적으로 지원하겠습니다."
19541123,9678,김한표,"4. 비정규직, 청년실업 문제 해소에 사력을 다하겠습니다."
1971140,8426,정호준,역동적 복지국가 건설과 남북화해협력체계 구축
1971140,8426,정호준,국립중앙의료원 본원 이전 반대
1971140,8426,정호준,'서울의 중구'에서 '글로벌 중구' 도약
1971140,8426,정호준,"‘가족중심의 중구‘ 출산, 육아, 교육의 ’보편적 복지 체계화‘"
1971140,8426,정호준,‘사람중심의 중구’를 위한 삶의 질적 향상 추구
1950136,18797,진영,공약 2 교육과 문화의 중심 용산
1950136,18797,진영,공약 1 상생발전의 중심 용산
1950136,18797,진영,공약 5 주민의 편의를 보장하는 교통의 중심 용산
1950136,18797,진영,공약 4 쾌적한 생활환경이 보장된 세계적 환경의 보고 용산
1950136,18797,진영,공약 3 복지의 요람 용산
1963188,8434,최재천,5. 금호지역의 도로 확장
1963188,8434,최재천,4. 소유권과 주거권이 조화를 이루는 재개발·재건축 실현
1963188,8434,최재천,3. 안심보육을 위한 국·공립 어린이집 신설
1963188,8434,최재천,2. 금호·옥수지역 인문계고 유치
1963188,8434,최재천,1. 문화성동 만들기
1967156,19154,오영식,고도제한지역의 재건축 활성화 및 주차난 해소로 주거환경개선
1967156,19154,오영식,고등학교 무상의무교육추진과 반값등록금인하로 교육비절감
1967156,19154,오영식,경전철역세권개발과 재래시장 활성화로 강북경제 활성화
1967156,19154,오영식,영·유아 무상보육 전면실시와 강북노인종합복지관 증축으로 강북복지향상
1967156,19154,오영식,(시립)종합도서관건립과 고등학교설립으로 강북교육·문화 환경개선
19571117,8520,우원식,경춘선 폐선지역 공원 및 그린대학로 조성
19571117,8520,우원식,노원둘레길 조성
19571117,8520,우원식,서울과학관 조기 완공
19571117,8520,우원식,"원자력 확대 정책 폐기 및 에너지효율화, 재생가능에너지 확대"
19571117,8520,우원식,강남북 균형 발전을 위한 재정불균형 해소
195027,8529,이미경,사람특별구(교육·보육·복지·마을) 은평
195027,8529,이미경,"지역경제활성화, 사통팔달 은평"
195027,8529,이미경,"좋은 일자리 창출과 고용안전망 확충 - 좋은 일자리가 활짝, 99% 국민에게 펼쳐집니다!"
195027,8529,이미경,"경제민주화 실현과 민생안정 - 서민경제가 활짝, 99%의 경제가 펼쳐집니다!"
195027,8529,이미경,"보편적 복지 확충 - 복지혜택이 활짝, 99% 국민에게 골고루 펼쳐집니다!"
1957192,7307,노웅래,5 경의선 신의주까지 개통추진
1957192,7307,노웅래,4 ‘혁신학교’ 유치
1957192,7307,노웅래,3 문화관광형 전통시장 활성화 추진
1957192,7307,노웅래,2 저소득 주거환경 개선 특별법 제정
1957192,7307,노웅래,1 맞춤형 주거 정비 특별법(WITH TOWN 법) 제정
19651109,19167,정청래,"언론 개혁, 문화 컨텐츠 산업 육성"
19651109,19167,정청래,남북 화해 협력
19651109,19167,정청래,보편적 복지
19651109,19167,정청래,경제 민주화
19651109,19167,정청래,마포가 변합니다!
19531103,8591,이목희,5. 행복금천
19531103,8591,이목희,4. 군부대 부지 개발
19531103,8591,이목희,3. 신안산선 조기 착공
19531103,8591,이목희,2. 보편적 복지
19531103,8591,이목희,1. 경제 민주화
1958172,7361,전병헌,공약 5. 보편적 복지 실현
1958172,7361,전병헌,공약 4. 교통 동작
1958172,7361,전병헌,공약3. 경제 동작 - 지역경제가 살아나 활기 넘치는 동작
1958172,7361,전병헌,"공약2.문화동작 - 서울의 문화일등 자치구, 동작"
1958172,7361,전병헌,공약1 교육 동작 - ‘함께 키우는 우리 아이들’
1958194,8605,유기홍,<공약5>  살기 좋은 관악! 서민이 행복한 관악!  [ 유기홍이 제안하는 혁신·교육·일자리 특구 관악! ]
1958194,8605,유기홍,<공약2> 한 미 FTA 무효화 [졸속 협상! 굴욕 협상! 유기홍은 초지일관 무효화 주장!]
1958194,8605,유기홍,<공약1> 검찰·언론·재벌 개혁과 민주주의 강화 [특권층 부패개혁! 시민 민주주의 강화!]
1958194,8605,유기홍,<공약4> 경제 민주화와 보편적 복지정책 추진 [ 사회양극화 바로잡기! 혁신적 균형성장 추진! ]
1958194,8605,유기홍,<공약3> 대학교 반값등록금 문제 실질적 해결[진정한 반값등록금 실현! 진정한 교육전문가를 국회로!]
19591141,18858,유기준,공약5. 국제수산물류 무역기지 지속 건설
19591141,18858,유기준,공약4. 부산임시수도 기념거리 조성
19591141,18858,유기준,공약3. 도심 재개발 본격추진
19591141,18858,유기준,공약2. 농림수산검역검사본부 영남검역검사소(혈청소) 조속한 이전 완료 및 개발 추진
19591141,18858,유기준,공약1. 송도지구 복합해양휴양지 조성사업 추진
1963191,8683,이헌승,공약5. 교통이 편리한 부산진구를 만들겠습니다.
1963191,8683,이헌승,공약4. 어르신들이 대우받는 부산진구를 만들겠습니다.
1963191,8683,이헌승,공약3. 잘사는 활기찬 부산진구를 만들겠습니다.
1963191,8683,이헌승,"공약2. 아이 키우기 좋은, 엄마가 행복한 부산진구를 만들겠습니다."
1963191,8683,이헌승,공약1. 살기좋은 환경의 부산진구를 만들겠습니다.
19571121,8696,김정훈,"공약5. ‘남구문화알리미’홍보사이트(문화행사, 맛집, 쇼핑, 지역축제 정보 등) 개설을 통해 청년사회적기업 육성 및 지역상권 활성화"
19571121,8696,김정훈,공약4. 구 남부경찰서 부지에 ‘남구여성복지회관’을 건립하여 여성이 행복한 복지도시 남구건설
19571121,8696,김정훈,공약3. 문현금융단지와 UN평화특구 관련사업에 남구민 우선 채용
19571121,8696,김정훈,공약2. 문현금융단지에 탄소배출권거래소 등 국내외 금융기관을 유치하여 남구를 명실상부한 국제금융도시로 육성
19571121,8696,김정훈,공약1. UN평화특구사업 확대로 남구를 국제평화도시로 육성
19521117,8725,서병수,공약5. 해운대수목원 조성의 차질 없는 추진
19521117,8725,서병수,공약4. 우동 도서관 분관 증개축
19521117,8725,서병수,공약3. 수영강 생태공원 조성
19521117,8725,서병수,공약2. 제2장산로(가칭) 건설 기반 조성
19521117,8725,서병수,공약1. 해운대구 청사 이전
1971214,8747,김희정,공약1. 국가 무상보육 확대 등 아이 키우기 좋은 보육환경 조성
1971214,8747,김희정,공약2. 연제구립도서관 건립
1971214,8747,김희정,공약5. 가덕신공항 건설
1971214,8747,김희정,공약4. 연제 노인종합복지관 건립
1971214,8747,김희정,공약3. 연제문화원 건립
1945180,7518,이한구,지방도 활기찬 세상 만들기 : 지식창조형 산업으로 대구경제 리모델링
1945180,7518,이한구,"실질적 기회평등 보장되고, 상향적 사회이동 보장되는 공정한 경쟁체제 만들기"
1945180,7518,이한구,"세계 일류국가 수준으로 국민생명·건강 챙기고, 미래불안 없는 사회 안전보호체제 만들기"
1945180,7518,이한구,"IT융복합기술로 국민과 소통하며, 좋은 일자리 만드는 지식정부·투명한 정부 만들기"
1945180,7518,이한구,"박근혜 위원장을 중심으로 정권창출을 성공시켜, 국민이 하나되는 세상 만들기"
19601113,7525,주호영,진밭골 명품 도시생태공원 조성으로 최고의 휴식처 제공
19601113,7525,주호영,신천좌안도로·외곽순환도로의 차질없는 개통으로 사통팔달 교통망 완성
19601113,7525,주호영,도시철도 3호선(범물~칠곡) 시지 연장
19601113,7525,주호영,공공형 어린이집 설치 확대
19601113,7525,주호영,대구 최고 수준의 국민체육센터 건립
19561109,8831,홍일표,어린이공원 및 자연학습장 조성
19561109,8831,홍일표,"도화 건강지원센터, 어르신 건강관리센터 설치"
19561109,8831,홍일표,주안 복합문화센터 건립
19561109,8831,홍일표,경인고속도로 통행료 폐지 및 일반도로화
19561109,8831,홍일표,석바위 법조타운 조성
1962194,8837,윤상현,‘역사생태지구’와 ‘손바닥 카페’를 만들겠습니다
1962194,8837,윤상현,"용현-학익지구, 인천 서비스산업의 최고 중심지구로 거듭납니다"
1962194,8837,윤상현,공항철도2호선 계획을 추진하겠습니다
1962194,8837,윤상현,"(신)남부역~숭의아레나파크 역세권, 개발하겠습니다"
1962194,8837,윤상현,"경인고속도로 일반도로화 및 통행료 무료화, 해결하겠습니다"
19591113,8863,문병호,"재정자립도 취약 기초자치단체, 사회복지비 국고지원 특별법 제정"
19591113,8863,문병호,경찰종합학교 주민쉼터 및 복합의료 타운 조성
19591113,8863,문병호,부평미군기지 국가공원화
19591113,8863,문병호,십정2지구 주거환경개선사업 조속 추진
19591113,8863,문병호,부평상권활성화(수도권 서북부 중심상권 육성)
19521121,8873,신학용,서부간선수로 생태하천화 사업의 성공적인 마무리
19521121,8873,신학용,계양-강서 왕복 BRT(간선급행버스) 개통 완료
19521121,8873,신학용,인천 아시안 게임 성공적 개최 지원을 통한 계양구 도시발전
19521121,8873,신학용,SNS를 통한 공약 이행 정보 공개(SNS 매니페스토)
19521121,8873,신학용,롯데의 계양산 훼손을 막고 계양산을 시민의 품으로
19571128,8906,오병윤,"5. 생활 속 운동으로 건강을, 안정된 주거로 마음의 평안을"
19571128,8906,오병윤,4. 생명의 숲에서 휴식과 미래설계의 지혜를
19571128,8906,오병윤,3. 누구나 안심하는 촘촘한 사회안전망
19571128,8906,오병윤,2. 한결 가볍고 안심하는 교육과 보육
19571128,8906,오병윤,1. 숨통이 트이는 99% 국민생활
19581111,8955,이상민,유성복합터미널 조기 구축
19581111,8955,이상민,전민동-구즉동-관평동-과학벨트거점지역(신동 둔곡지구)-세종시-오송 지하철 추진(도시철도 2호선과 연계)
19581111,8955,이상민,기초노령연금 2배 인상 및 대상 확인
19581111,8955,이상민,과학벨트 완성
19581111,8955,이상민,과학기술부와 정보통신부 부활
19591116,8977,김기현,5. 학교폭력 없는 교육환경 조성
19591116,8977,김기현,4. 여천천 ‘고향의 강’ 사업 성공적 추진 및 복합 문화공원화
19591116,8977,김기현,3. 대·중소기업 양극화 해소 및 상생협력 추진
19591116,8977,김기현,2. 울산본항 석탄부두의 다른 곳 이전으로 쾌적한 환경조성
19591116,8977,김기현,1. 동북아오일허브의 성공적 추진으로 에너지·물류·금융 등 연관산업 육성
19421164,8995,강길부,공립 키즈카페 설립
19421164,8995,강길부,"중학생, 과학영재멘토링 캠프 학기 중 확대 실시"
19421164,8995,강길부,경부고속도로(언양～영천) 확장공사 차질없는 추진
19421164,8995,강길부,울산과학기술대학교(UNIST)를 울산과학기술원(UNIST)으로 전환
19421164,8995,강길부,진하～남창간 국도 지선 건설
19471118,9034,김진표,영흥공원을 도심 속 생태·문화·레저 공간으로 조성
19471118,9034,김진표,"모바일 천국 수원, 시내버스에 개방형 와이파이존 구축"
19471118,9034,김진표,"수원비행장 이전, 일자리 넘치는 한국형 실리콘밸리 조성"
19471118,9034,김진표,"교육특구 영통, 기숙형 ‘자율형 공립고’ 신설"
19471118,9034,김진표,신수원선(인덕원선) 전철 영통구 관내 정차역 신설
1965191,9037,김태년,공공의료서비스 실현을 위해  「성남시립병원」을 정상적으로 건립하겠습니다.
1965191,9037,김태년,수정로 상권활성화와 중소상인 경쟁력확보를 위하여 주차복합빌딩과 공동물류센터를 건립을 지원하겠습니다.
1965191,9037,김태년,원주민 중심(中心)으로 수정구 주거환경의 획기적인 개선 대책을 마련하겠습니다.
1965191,9037,김태년,(가칭) 「성남시 아파트 위탁 공공 관리 기구」를 설립하겠습니다.
1965191,9037,김태년,수정구 도심재생을 위한 혁신교육지구 실현
1966216,9044,김미희,5. 건설노동자 일자리창출 특별법 제정
1966216,9044,김미희,4. 중소상공인 보호 특별법 제정
1966216,9044,김미희,3. 지역별 공공임대주택 20%까지 확대
1966216,9044,김미희,2. 재벌총수 일가의 사익추구 행위 금지
1966216,9044,김미희,1. 한미FTA 등 불평등 조약 폐기
1965198,9180,최재성,교육 문화도시 남양주
1965198,9180,최재성,지하철 8호선 조기 착공 및 경춘선 중앙선 연결
1965198,9180,최재성,경춘선 일반열차 용산역 연장운행!
1965198,9180,최재성,재벌개혁(중앙공약)
1965198,9180,최재성,중소기업 살리기(중앙공약)
19561118,9188,박기춘,사람과 자연이 상생하는 생태환경도시 남양주!
19561118,9188,박기춘,"복지는 국민의 권리, 다함께 잘사는 대한민국!"
19561118,9188,박기춘,이제는 교육입니다. 교육1번지 남양주!
19561118,9188,박기춘,남양주 북부경찰서 조기 개청으로 든든한 치안체계 구축!
19561118,9188,박기춘,빠르고 편한 사통팔달 교통도시 남양주!
1966164,9193,안민석,공약 5. 오산 전통시장 활성화 및 골목상권 보호
1966164,9193,안민석,공약 4. 실질적인 대학교 반값등록금 실현
1966164,9193,안민석,공약 3. 서울대학교 병원 건립
1966164,9193,안민석,공약 2. 오산을 보육·교육 혁신도시로
1966164,9193,안민석,공약 1. 오산 터미널 연내 해결
19631126,18847,조정식,쾌적한 공원·체육시설조성 및 시민 모두를 위한  보편적 복지 실현
19631126,18847,조정식,전철유치! 버스노선 확충! 불편한 대중교통 서비스 획기적 개선
19631126,18847,조정식,시흥교육 혁신! 명품교육도시 시흥!
19631126,18847,조정식,탄탄한 시흥경제-‘기업하기 좋은 환경을 조성하여 1만개 일자리 창출’
19631126,18847,조정식,군자신도시를 교육·의료 ·일자리가 어우러진  명품자족도시로 개발
19591125,9240,한선교,혁신학교 추가 지정 확대
19591125,9240,한선교,"유치원, 중학교 무상급식 전면 실시"
19591125,9240,한선교,0~5세 양육？보육비 전 계층 국가 지원
19591125,9240,한선교,고교 평준화 반드시 실시
19591125,9240,한선교,수지 지하철 조기 개통
19571137,9251,유정복,한강신도시 현안해결을 위한 민·관 협의체 구성
19571137,9251,유정복,행정체제 개편 추진
19571137,9251,유정복,풍무동 도로·교통체계 개선 방안 수립
19571137,9251,유정복,수도권 광역급행철도(GTX) 김포연장 계획 반영
19571137,9251,유정복,김포도시철도 조기 개통
1966167,9291,정문헌,"사교육비 절감의 스마트 교육, 소외 없는 따뜻한 복지"
1966167,9291,정문헌,사통팔달의 교통 인프라 확충
1966167,9291,정문헌,농어업 고부가가치 산업 육성과 삶의 질 향상
1966167,9291,정문헌,기업유치 및 일자리 창출을 통한 지역경제 활성화
1966167,9291,정문헌,설악금강을 복합관광 중심지대로 개발
19491117,9310,오제세,5. 국립현대 미술관 청주 분원 조속 완공
19491117,9310,오제세,4. 국립암센터 분원유치
19491117,9310,오제세,3.  청주공항 화물중심 공항으로 육성
19491117,9310,오제세,2. 충북경제자유구역 지정
19491117,9310,오제세,1. 청주-청원 통합
19481129,9340,변재일,‘1% 슈퍼부자’증세를 통해 보편적 복지를 실현.
19481129,9340,변재일,‘사료가격안정기금’ 설치 및 쌀 목표가격 현실화
19481129,9340,변재일,무상보육 실현을 통한 양육부담 완화 및 저출산 문제 극복
19481129,9340,변재일,지방대 우선 집중 지원 육성 및 지역인재할당
19481129,9340,변재일,수도권규제완화 저지
19591127,9351,양승조,"수도권전철 독립기념관, 병천ㆍ동면까지 연장"
19591127,9351,양승조,기초노령연금 대상자 확대 및 연금액 인상
19591127,9351,양승조,만5세이하 양육비 전액지원 및 어린이집ㆍ유치원 교사 처우개선
19591127,9351,양승조,원도심 재개발 촉진 및 주거환경 개선
19591127,9351,양승조,수도권 규제완화 철폐 및 국가균형발전 추진
19631112,9360,김태흠,"5. 마량리 성경전래지 성역화 및 생태원, 자연관 연계를 통해 ‘머무는 관광지’로 조성"
19631112,9360,김태흠,4. 장항국가산단 조기 착공 및 완공과 보령 홍보지구에 150만평 이상 공단 조성
19631112,9360,김태흠,3. 한국을 넘어 세계를 겨냥한 국제해양관광벨트 조성
19631112,9360,김태흠,"2. 서해안 유류피해 주민들의 피해보상 문제, 빨리 해결돼야 합니다."
19631112,9360,김태흠,1. 보령에 사통팔달 교통망 구축
19551133,9371,이명수,5. FTA발효에 따른 농림축산업의 경쟁력 제고를 위한 대책 강화
19551133,9371,이명수,"4. 서민경제 살리기 위한 서민, 영세사업자 지원방안 강화"
19551133,9371,이명수,3. 진정한 지방자치실현을 위한 제도개선
19551133,9371,이명수,2. 선진일류국가 지향을 위한 행정선진화 방안 마련
19551133,9371,이명수,1. 대한민국의 정치혁신과 변화를 위한 국회 선진화 대책 추진
19531120,9456,강동원,부안(변산)-정읍(내장산)-순창(강천산)-남원(지리산) 고속도로건설
19531120,9456,강동원,순창쌀. 콩 계약재배 활성화
19531120,9456,강동원,용남시장을 주상복합으로 개발
19531120,9456,강동원,구 남원역사부지(철도공사 소유)개발
19531120,9456,강동원,KBS 남원방송국 재유치
1950196,9461,최규성,[공약5] 김제·완주 농촌 경쟁력 강화와 첨단농업으로의 발전을 위해 농업생산기반시설을 정비 확충하겠습니다.
1950196,9461,최규성,[공약4] 소규모 농가의 지속가능한 농업을 보장과 소득증대를 위해 완주 로컬푸드 사업을 더욱 확대·발전시켜 나가겠습니다.
1950196,9461,최규성,[공약3]완주테크노밸리 산업단지 차질 없는 추진으로 완주를 동북아의 첨단과학기술 허브로 육성·발전시키겠습니다.
1950196,9461,최규성,"[공약2] 김제 13개지구의 수리시설 개보수사업을 추진하여 재해로부터 농민의 생명, 재산을 보호하고 안전한 영농환경을 조성하겠습니다."
1950196,9461,최규성,"[공약1] 김제지평선산업단지 조성공사를 차질없이 추진하여 새만금시대 허브, 첨단산업도시로 도약하는 토대를 구축하겠습니다."
19531121,9468,김춘진,살기 좋은 고창ㆍ부안을 만들겠습니다.
19531121,9468,김춘진,전라북도를 넘어 대한민국을 견인할 새만금 개발을 일구어 내겠습니다.
19531121,9468,김춘진,"잘사는 농어촌, 희망의 농어촌을 만들겠습니다."
19531121,9468,김춘진,우리사회 소수자의 인권과 복지를 향상시키겠습니다.
19531121,9468,김춘진,저출산 고령화 대책을 마련하겠습니다.
19521139,9493,주승용,공약 5. 이순신대교의 운영관리비 국가 부담
19521139,9493,주승용,공약 4. 율촌산단 조기 조성
19521139,9493,주승용,공약 3. 여수신항 대체항만 조기 착공
19521139,9493,주승용,공약 2. 여수~고흥 연륙연도교 조기완공
19521139,9493,주승용,공약 1. 여수세계박람회 사후활용방안 마련
19571146,9513,우윤근,"세풍산단 개발, 1만평 내외 소규모 산업단지 조성, 지식산업센터 건립 추진"
19571146,9513,우윤근,지리산 노고단 로프웨이(삭도) 설치 추진
19571146,9513,우윤근,광양구례지역 매실ㆍ산수유 등 농산물 가공업체 세 부담 완화 추진
19571146,9513,우윤근,광양항 배후단지 활성화를 위한 제도개선 및 입법발의 추진
19571146,9513,우윤근,광양ㆍ구례를 남중권 선벨트와 동서통합의 중추거점으로 육성하기 위한 「지역협력촉진법」 입법 추진
19521141,9531,황주홍,가차없는 정치개혁으로 국회를 서비스기관화
19521141,9531,황주홍,장흥.강진.영암 3군의 획기적 지역개발
19521141,9531,황주홍,농촌여건에 맞는 토착적 복지모델 개발 및 법률 제정
19521141,9531,황주홍,농어촌교육특별법 제정
19521141,9531,황주홍,농정입법 시대 개막
19521142,9546,김형태,교육환경 도시
19521142,9546,김형태,해양문화관광 도시
19521142,9546,김형태,첨단과학산업 중심도시
19521142,9546,김형태,광역SOC인프라 구축
19521142,9546,김형태,국제 물류교류 거점도시
19431139,9568,김태환,5. 한국식품연구원 경북 분원을 유치해 지역 농촌의 농산물 경쟁력 확보
19431139,9568,김태환,4. 국제적인 규모의 전자·IT 전시회 개최해 글로벌 도시 구미의 위상을 강화시키고 구미시민의 자긍심을 제고
19431139,9568,김태환,3. 5공단 조기착공 및 경제자유구역 조기보상 추진으로 구미시 신산업공간 확보
19431139,9568,김태환,2. 구평∼3공단간 도로개설을 통해 구미시 인동지역 교통정체 해소
19431139,9568,김태환,1. KTX 김천구미역사와 경부선 연결해 구미시민의 교통편의 제공
1950199,9577,장윤석,주거·문화·교육환경의 대폭 개선·확충!
1950199,9577,장윤석,영주 철도 르네상스 실현!
1950199,9577,장윤석,지속적인 신규 일자리 창출!
1950199,9577,장윤석,농업인·축산인 지원 위한 법·제도 정비!
1950199,9577,장윤석,영주발전 이끌 주요 국책사업 추진에 전력 투구
19551143,9596,최경환,5. 청도의 한강인 청도천·동창천 정비
19551143,9596,최경환,4. 청도 산업단지 조성
19551143,9596,최경환,3. 지하철 1 호선 연장 추진
19551143,9596,최경환,2. 경산 연구개발특구 본격 추진하여 경산을 제2의 대덕단지화
19551143,9596,최경환,1. 경산 경제자유구역 본격 착수하여 동남권 첨단산업의 메카로 육성
1964196,9610,김재원,[공약 5] 안동·의성·탑리·산성·영천의 중앙선 복선 전철화 사업
1964196,9610,김재원,"[공약 4] 상주·의성·청송·영덕 간 고속도로, 영천·군위·상주 간 고속도로 조기 완공"
1964196,9610,김재원,[공약 3] 쌀 직불제 개혁
1964196,9610,김재원,[공약 2] 응급의료센터 완비
1964196,9610,김재원,[공약 1] 농업 보조금 제도 혁신
19511109,9632,안홍준,5. 마산자유무역지역 현대화·고도화 및 봉암공단 (근로자복지회관) 건립
19511109,9632,안홍준,"4. 구) 중리초등학교 부지활용, 복합문화 공간 조성"
19511109,9632,안홍준,3. 장애인 휘트니스센터 및 전용 목욕탕 건립
19511109,9632,안홍준,2. 회원구 노인종합복지관 건립
19511109,9632,안홍준,1.통합 창원시 청사 반드시 마산유치
19611132,9650,김재경,"복지,건강도시 진주만들기"
19611132,9650,김재경,"교육,문화 공간 창출"
19611132,9650,김재경,"쾌적한 환경, 풍요로운 도시 건설"
19611132,9650,김재경,바이오-실크 밸리와 연계한 바이오 융복합산업의 육성
19611132,9650,김재경,진주의 신성장동력 산업 육성
19521149,9694,강창일,공약 5  제주특별자치도 완성을 위한 자치재정권 강화
19521149,9694,강창일,공약 4  제주해군기지 사업 중단 및 전면재검토
19521149,9694,강창일,공약 3  스마트그리드 거점지구 선정 및 약용작물 산업 등 신성장동력산업 육성
19521149,9694,강창일,공약 2  제주 4·3 완전한 해결
19521149,9694,강창일,공약 1  제주신공항 건설 조기 추진
19551144,9699,김우남,〔공약 5〕4·3문제 해결
19551144,9699,김우남,〔공약 4〕곶자왈의 국가 매입확대와 생태관광자원화
19551144,9699,김우남,〔공약 3〕지방소비세 제주지역 배분율을 높여 제주자치재정 확대
19551144,9699,김우남,〔공약 2〕지역인재의 청년일자리 창출 확대
19551144,9699,김우남,〔공약 1〕제주 1차 산업의 경쟁력 강화
19651105,9705,김재윤,공약5. 감귤을 원스톱으로 지원하는 감귤산업복합단지 조성 추진
19651105,9705,김재윤,공약4. 어르신 건강보호를 위한 틀니 구입지원
19651105,9705,김재윤,공약3. 4.3희생자·유족의 진상규명 및 지원 확대
19651105,9705,김재윤,공약2. 제주도 신공항 건설 추진
19651105,9705,김재윤,공약1. 제주해군기지 해결방안 모색
19461131,9231,황진하,5. 노인·여성·장애인·다문화가정 등 ‘함께하는 복지’를 실현
19461131,9231,황진하,4. 공교육을 정상화 및 질 높은 교육 제공
19461131,9231,황진하,3.‘군사시설 주변지역 지원 특별법’ 제정 추진
19461131,9231,황진하,2. 사통팔달 교통망 구축
19461131,9231,황진하,1.‘통일경제특구’ 실현
19581103,8778,유승민,따뜻한 동구를 만들겠습니다.
19581103,8778,유승민,지역현안사업은 반드시 해결하도록 하겠습니다.
19581103,8778,유승민,"유승민이 시작한 혁신도시와 첨단의료복합단지, 유승민이 완성합니다."
19581103,8778,유승민,불평등한 소음피해 배상 판결에 강력 대응하겠습니다.
19581103,8778,유승민,"유승민이 시작한 K2이전 유승민이 끝까지 해냅니다. K2이전, 유승민은 불굴의 의지로 우리의 꿈을 현실로 만듭니다."
19521109,8200,이군현,공약 5. 명품 바닷길 100리 조성
19521109,8200,이군현,공약 4. 국도 14호선 및 국도 77호선 확포장 조기착공
19521109,8200,이군현,공약 3. 다이노스베이스볼파크 조성
19521109,8200,이군현,공약 2. 67호선 미수~무전 국가지원지방도로 조기 개통
19521109,8200,이군현,공약 1. 한산대첩교 건립
19461109,7514,서상기,노인·아동·장애인·여성에게 맞춤형 복지 강화 및 청년 일자리를 창출하겠습니다.
19461109,7514,서상기,관음로-칠곡로간  / 구안국도~칠곡2지구간 도로를 조기 완공하겠습니다.
19461109,7514,서상기,농수산물도매시장 시설현대화사업을 추진하겠습니다.
19461109,7514,서상기,첨단의료단지 조기완공 및 경북대 제2캠퍼스 유치 하겠습니다.
19461109,7514,서상기,교육국제화 특구 유치하겠습니다.
1960211,8586,박영선,공약 5. 골목상권과 중소기업이 튼튼한 구로
1960211,8586,박영선,공약 4. 어르신이 살기 좋은 구로
1960211,8586,박영선,공약 3. 출퇴근이 즐거운 구로
1960211,8586,박영선,공약 2. 생활이 즐거운 구로
1960211,8586,박영선,공약 1. 어린이 특별구 구로
196226,7797,김현미,"공약5. '지식창조도시 일산' - 더 좋은 일산이 활짝, 99%를 위한 일산이 펼쳐집니다."
196226,7797,김현미,"공약4. '보편적 복지 확충' - 복지혜택이 활짝, 99% 국민에게 골고루 펼쳐집니다."
196226,7797,김현미,"공약3. 'MB역주행 심판과 권력개혁' - 공정한 세상이 활짝, 99%에게 공정한 세상이 열립니다."
196226,7797,김현미,"공약2. '좋은 일자리 창출과 고용안전망 확충' - 좋은 일자리가 활짝, 99% 국민에게 펼쳐집니다."
196226,7797,김현미,"공약1. '경제민주화 실현과 민생안정' - 서민경제가 활짝, 99%의 경제가 펼쳐집니다."
195526|19541125,7353,김영주,"활기찬 경제 영등포, 일자리 만드는 희망 영등포"
195526|19541125,7353,김영주,"문화향기 넘치는 영등포, 공원속의 영등포로 영등포구민 삶의 질 향상"
195526|19541125,7353,김영주,도시재생 사업으로 영등포 주거환경개선 및 서민주거권 보호
195526|19541125,7353,김영주,영등포 발전의 걸림돌‘준공업지역’해법 추진
195526|19541125,7353,김영주,효도하는 영등포 및 교육·복지 등 생활환경 업그레이드
1958170,7228,민병두,(공약5) 동대문 문화예술회관 및 어린이 회관 건립
1958170,7228,민병두,<공약4> 동대문 경제 활성화 및 서민경제 안정지원
1958170,7228,민병두,<공약3> 동대문 녹색길 조성 및 녹지율 5% 수준으로 제고
1958170,7228,민병두,<공약2> 인문계 고등학교 신설을 중심으로 동대문구 교육수요 충족
1958170,7228,민병두,"<공약1> 분당선 기점을 왕십리역에서 청량리역으로 연장, 청량리역을 동북부 교통허브로"
196022,4662,유승희,지역의 핵심적인 현안문제 해결
196022,4662,유승희,국민과의 소통강화
196022,4662,유승희,여성과 소수약자에 대한 차별철폐입니다.
196022,4662,유승희,정치개혁입니다.
196022,4662,유승희,보편적 복지실현
19511106,9377,성완종,대전∼당진 간 고속도로 대산 연장 조기 착공
19511106,9377,성완종,서산 외곽도로(서산여고~중앙병원) 조기 준공
19511106,9377,성완종,태안 기름유출사고 지원을 위한 ‘한시적 특별법’ 제정
19511106,9377,성완종,서산·태안 농어민 지원 - 확실한 FTA 보완대책
19511106,9377,성완종,"서민 주택난 해소 위한 서민주택 3,000호 건설"
1959214,19151,심상정,공약 5 교통이 좋은 고양동을 만들겠습니다.
1959214,19151,심상정,공약 4 통일로 확장! 관산을 발전시키겠습니다.
1959214,19151,심상정,공약 3 원당 시장과 상권 활성화! 고양의 중심으로 원당을 부활시키겠습니다.
1959214,19151,심상정,공약 2 덕양 청년이 받는 특별한 선물! 청년복합센타를 설립하여 청년이 모이는 화정을 만들겠습니다.
1959214,19151,심상정,공약 1 심상정이 제안하고 김상곤이 시작한 혁신교육! 이제 덕양에서 완성하겠습니다.
1956177,7276,노회찬,[희망찬] 경제민주화 실현
1956177,7276,노회찬,[희망찬] 청년들의 삶 실현
1956177,7276,노회찬,[희망찬] 함께 잘 사는 복지국가 실현
1956177,7276,노회찬,[희망찬] 생태·교육·문화 1번지 노원 만들기
1956177,7276,노회찬,[희망찬] 근본적 정치개혁 실현
1962128,18856,우상호,전월세상한제
1962128,18856,우상호,신촌상권 활성화
1962128,18856,우상호,부자감세 철회와 1% 슈퍼부자 증세
1962128,18856,우상호,골목상권 보호를 통한 지역경제 활성화
1962128,18856,우상호,반값등록금 실현
1968136,8557,김용태,5. 항공기 소음 소송비 일부 반환
1968136,8557,김용태,4. 양천을 지역에 명문학교 유치
1968136,8557,김용태,3. 서부트럭터미널 복합개발 완성
1968136,8557,김용태,2. 항구적 수방대책 사업 마무리
1968136,8557,김용태,1. 경인고속도로 지하화 착공
1958193,8571,김성태,공약 5 강서장애인헬스케어센터 건립
1958193,8571,김성태,공약 4 아라뱃길-김포공항-마곡을 잇는 서울 서남권 경제발전벨트 구축
1958193,8571,김성태,공약3 염창동 지역 내 일반고등학교 신설 및 강서구 학교시설 개선사업 지속적으로 진행
1958193,8571,김성태,"공약2 준공업지역 확실한 해제, 마무리하겠습니다."
1958193,8571,김성태,"공약1. 중단 없는 마곡 개발, 반드시 완수하겠습니다."
19551152,19163,유일호,5. 잠실 종합운동장 종합개발 대책기구 설립 추진
19551152,19163,유일호,4. 지하철 9호선의 차질 없는 추진
19551152,19163,유일호,3.부동산 거래 활성화 방안 마련
19551152,19163,유일호,2. 복지확대를 위한 재정안정화 방안 마련
19551152,19163,유일호,1. 공정한 세정을 위한 세제개편 추진.
19571120,8687,이진복,공약5. 타 지역 유학 지방출신 대학생의 주거안정을 도모하겠습니다!
19571120,8687,이진복,공약4. 자연과 사람이 함께 숨쉬는 그린동래를 만들겠습니다!!
19571120,8687,이진복,공약3. 글로벌 금융인재 교육특구 지정으로 교육일번지의 자존심을 지키겠습니다 !!
19571120,8687,이진복,"공약2. 서민과 중소상공인, 재래시장을 보호하겠습니다."
19571120,8687,이진복,공약1. 동부산 교통중심지 동래로 지역경제를 살리겠습니다!!
1965184,8713,박민식,"공약5. 주민중심 재개발, 재건축, 주거환경개선지구사업 추진"
1965184,8713,박민식,공약4. 아이키우기 행복한 북구 - 서부산권 육아종합지원센터 조성 등
1965184,8713,박민식,공약3. 만덕동 일원「교통섬 문제」해결 추진
1965184,8713,박민식,공약2. 어르신·장애인과 함께하는「백양산 화합·문화의 숲」조성
1965184,8713,박민식,공약1.「구포역 르네상스」사업 추진
1972113,18837,김세연,공약5. One-Stop 복지센터 구축 및 도서관 점진적 확대 설치
1972113,18837,김세연,공약4. 서동고갯길 및 산성터널접속도로(금샘로) 국·시비 확보 주력
1972113,18837,김세연,공약3. 교 육 개 혁
1972113,18837,김세연,공약2. 경 제 민 주 화
1972113,18837,김세연,공약1. 정 치 개 혁
19561106,8752,유재중,공약5. 좌수영성지 규제 완화
19561106,8752,유재중,공약4. 좋은학교만들기 사업 추진
19561106,8752,유재중,공약3. 도시재생특별법 추진으로 재개발·재건축 문제 해결
19561106,8752,유재중,공약2. 광안리해변 국제명소 만들기 사업
19561106,8752,유재중,공약1. 금련산 자연생태공원 조성사업 (3개소)
1968141,8814,홍지만,[공약 5 : 우리도 맑은 물 좀 마시자!]
1968141,8814,홍지만,[공약 4 : 대학 등록금 문제 해결]
1968141,8814,홍지만,[공약 3 : 남부권 신공항 재추진]
1968141,8814,홍지만,[공약 2 : 대구시청을 달서구 두류정수장 부지로 이전]
1968141,8814,홍지만,[공약 1 : 실업률 감소 및 대기업 유치]
19491129,18839,박상은,수도권정비법 폐지 및 지역발전특별법 대체입법 추진
19491129,18839,박상은,영종 국제자유도시 건설 추진
19491129,18839,박상은,도서지역 개발촉진을 위한 국제관광휴양단지 추진
19491129,18839,박상은,통행권 확보 및 국가재정 절감을 위한 민자SOC 국가인수
19491129,18839,박상은,지역 재개발사업 활성화를 위한 인프라 지원
19571126,8869,홍영표,어르신 등 사회적 약자에 대한 사회안전망 구축 강화
19571126,8869,홍영표,보편적 복지 확충으로 보육·교육 부담 완화
19571126,8869,홍영표,"준공업지역 집약화, 주거지역 재생 등을 통한 ‘활력 부평’"
19571126,8869,홍영표,중소기업·소상공인 지원으로 서민경제 회복 및 지역경제 활성화
19571126,8869,홍영표,재벌개혁 및 슈퍼부자 증세를 통한 경제민주화 추진
19641105,18841,이학재,깨끗하고 활기찬 서구 구현
19641105,18841,이학재,청라국제도시 조기 활성화
19641105,18841,이학재,수도권매립지 2016년 매립 종료
19641105,18841,이학재,가정오거리 루원시티 정상화
19641105,18841,이학재,경인고속도로 일반도로화 재추진
1951198,8932,이용섭,문화·관광·체육시설 확충으로 정주여건 개선
1951198,8932,이용섭,교육 인프라 확충을 통해 광산구를 명품 교육도시로 육성
1951198,8932,이용섭,골목상권 보호와 지역경제 회복을 위해 대형마트와 SSM의 영업시간 및 휴일 규제강화
1951198,8932,이용섭,"저출산 완화, 고령화에 대한 대책으로 무상보육 시행, 기초노령연금 급여 인상 및 대상 확대"
1951198,8932,이용섭,경제정책 최우선 순위를 일자리창출과 민생안정에 두고 추진
19631128,19147,박범계,벤처기업창업지원청 설립
19631128,19147,박범계,지역은행 설립
19631128,19147,박범계,시간제 주차 허용
19631128,19147,박범계,노인 전용 종합 스포츠센터 건립
19631128,19147,박범계,노후화된 아파트 리모델링 수직 증축
19551128,8985,안효대,비정규직/사내협력사 직원 처우개선 및 퇴직자 지원
19551128,8985,안효대,주차난 해소
19551128,8985,안효대,교육복지 확충 및 학교폭력 없는 안전한 교육환경 조성
19551128,8985,안효대,중소상인/전통시장 활성화를 통한 지역상권 활성화
19551128,8985,안효대,취약계층/청년 일자리창출 및 창업지원
19551127,8973,이채익,5. 옥동 군부대 이전 부지 교육·문화 타운 조성
19551127,8973,이채익,4. 지식서비스업 및 미래선도산업을 육성하여 일자리 창출
19551127,8973,이채익,3. 울산 종합사회복지관 설립
19551127,8973,이채익,2. 자율형 공립고등학교 유치
19551127,8973,이채익,1. 울산을 동북아 오일허브 거점도시로 육성
19591117,9016,이찬열,대학생 학자금대출 취업후 상환 일원화 및 이자 폐지
19591117,9016,이찬열,기초노령연금 인상 및 지원대상 확대
19591117,9016,이찬열,공공기관 이전부지를 장안발전의 전초기지로 개발
19591117,9016,이찬열,성균관대역 최신식 복합역사 개발
19591117,9016,이찬열,수원~인덕원 복선전철 조기착공·조기완공 및 역사유치
19621100,9089,김경협,비정규직 축소 및 차별 개선
19621100,9089,김경협,최저임금 현실화를 통한 서민경제 수요 창출
19621100,9089,김경협,지역일자리 6만명 창출과 일자리 많은 사회 실현
19621100,9089,김경협,반값등록금 실현를 통한 가정경제 활성화
19621100,9089,김경협,경인전철(1호선) 지하화를 통해 지역사회 통합과 균형발전 도모
19511115,18845,백재현,주거복지지원법 제정 및 원주민 재정착방안 마련
19511115,18845,백재현,일자리 광명을 만들겠습니다.
19511115,18845,백재현,광명을 교육 문화 1번지로 만들겠습니다.
19511115,18845,백재현,청년희망 프로젝트
19511115,18845,백재현,부자감세철화와 조세정상화개혁
19621104,9135,전해철,5. 수인선 완전지하화로 조성되는 부지와 방치된 쓰레기 매립장을 지역 주민을 위한 생활체육·문화공간으로 조성
19621104,9135,전해철,4. 지역경제 활성화 : 반월시화 국가산업단지 경쟁력 강화
19621104,9135,전해철,3. 국민 모두가 복지서비스를 받는 보편적 복지국가 건설
19621104,9135,전해철,2. 행복한 안산과 대한민국을 위한 전·해·철의 약속(2)
19621104,9135,전해철,1. 행복한 안산과 대한민국을 위한 전·해·철의 약속(1)
19511102,9153,김태원,공약5 임대아파트 입주자 권익강화에 앞장서겠습니다!
19511102,9153,김태원,공약4 학교 찾아 떠나지 않는 덕양을 만들겠습니다!
19511102,9153,김태원,공약3 영세상권 보호를 위해 카드수수료 인하 및 의제매입세율을 상향시키겠습니다!
19511102,9153,김태원,공약2 청년에서 노인에 이르기까지 고르게 일자리를 창출하겠습니다!
19511102,9153,김태원,공약1 행신역 주변을 복합개발하여 덕양경제 확 살리겠습니다!
19631105,9201,이원욱,미래세대와 가족의 가치를 위한 건강한 학교! 행복한 복지화성!
19631105,9201,이원욱,화성동부지역을 대한민국 1등 교통허브 도시로!
19631105,9201,이원욱,99%를 위한 차별 없는 대한민국!
19631105,9201,이원욱,환경을 보존하는 생태환경 도시로!
19631105,9201,이원욱,"역사,여가,문화의 테마관광도시, 안전하고 편리한 사람 중심의 도시로!"
19591124,9206,함진규,공약5. “지역민이 갖고 있는 문제점을 다른 곳도 있다면 함께 해결하겠습니다.”
19591124,9206,함진규,공약4. “지역경제와 연관성 있는 사업부터 활성화 시키겠습니다.”
19591124,9206,함진규,공약3. “ 교육이 살아야 가정이 행복합니다.”
19591124,9206,함진규,공약2. “단 한사람도 소외되지 않는 문화복지도시를 건설하겠습니다.”
19591124,9206,함진규,"공약1. “신천역, 장곡역, 매화역 건립으로 교통정리 확실하게 하겠습니다.”"
19491115,9220,이현재,노인·장애인 종합 복지관 건립
19491115,9220,이현재,종합 스포츠 센타 건립
19491115,9220,이현재,첨단 패션단지 조성 기업유치
19491115,9220,이현재,하남 지하철 5호선 연장
19491115,9220,이현재,무상보육·무상교육 실현
19571136,9229,윤후덕,"5. 사회적 약자가 보호받는 파주, 약자 보호를 국가의 의무로!"
19571136,9229,윤후덕,"4. 거주자 중심의 주택정책 전환, 임대아파트 주거복지 향상"
19571136,9229,윤후덕,"3. 교육선진도시 파주, 교육 여건을 개선하겠습니다."
19571136,9229,윤후덕,"2. 지역맞춤형으로 발전하는 파주, 균형발전 실천"
19571136,9229,윤후덕,"1. 더 빠르게 통하는 파주, 교통문제! 반드시 해결"
19481136,19157,유승우,5. 지속가능한 미래 문화관광의 도시개발 및 명품 교육도시 건설
19481136,19157,유승우,"4. 지역별 특화산업, 대표브랜드 세계화를 위한 법령 추진"
19481136,19157,유승우,3. 수도권 규제 법령 개정과 폐지
19481136,19157,유승우,2. 종합병원 유치 및 소외계층 자립능력 제고 등 맞춤형 복지정책 확대
19481136,19157,유승우,1. 사통팔달의 교통시설 확충 및 물류 중심도시 육성
19571103,7854,이우현,동백 세브란스 병원 조기 착공
19571103,7854,이우현,인력창출과 지역경제 활성화를 위한 기업도시 육성
19571103,7854,이우현,적자가 예상되는 용인시 경전철 문제해결
19571103,7854,이우현,이동남사 공업단지 조성 및 건설
19571103,7854,이우현,체류형 관광지 조성
19611113,9247,김학용,제2경부고속도로를 조속히 추진하겠습니다.
19611113,9247,김학용,안성에 대기업을 추가로 유치하겠습니다.
19611113,9247,김학용,수도권 규제 완화를 통하여 안성 동부권 개발의 전기를 마련하겠습니다.
19611113,9247,김학용,평택상수원보호구역 문제를 합리적으로 풀어 안성 서부권 발전의 토대를 마련하겠습니다.
19611113,9247,김학용,안성철도시대를 열겠습니다.
1967149,9261,김영우,"[공약 5] 교육 : 무한상상우주과학관(천문대) 임기 내 완공, 기업 및 정부기관 견학 프로그램 추진"
1967149,9261,김영우,[공약 4] 통일기반 마련 : 통일부의 남북청소년교류센터 임기 내 완공
1967149,9261,김영우,"[공약 3] 일자리 창출, 경제활성화 : 포천 산업단지를 복합산업단지(미니복합타운) 정부시범사업으로 조성"
1967149,9261,김영우,[공약 2] 교통 : 연천 경원선 전철 연장 조기 완공
1967149,9261,김영우,[공약 1] 교통 : 구리~포천 민자고속도로 조기 완공
19461132,9326,윤진식,충주 성장동력 확충
19461132,9326,윤진식,관광충주를 위한 확실한 기반조성
19461132,9326,윤진식,만남의 도시 충주건설   * 사람이 모이는 도시
19461132,9326,윤진식,함께 잘 사는 충주발전   * 시민행복 증대
19461132,9326,윤진식,충주발전 2030 플랜 실천
1966177,19149,박완주,청소년 위한 가칭 ‘멀티 불루죤’ 설치
1966177,19149,박완주,학교폭력없는 안전한 학교 만들기 추진
1966177,19149,박완주,수도권규제완화철폐로 U턴하던 기업 다시돌리겠습니다.
1966177,19149,박완주,1퍼센트 부자와 재벌만을 위한 한미FTA 막아내겠습니다.
1966177,19149,박완주,국회개혁이 의정활동의 최대 과제입니다.
1963117,4639,이춘석,5. 문화도시 익산
1963117,4639,이춘석,"4. 호남의 관문도시, 익산"
1963117,4639,이춘석,3. 지역공동체를 기반으로 한 도농통합 모범도시 구현
1963117,4639,이춘석,2. 복지국가 만들기
1963117,4639,이춘석,1. 검찰개혁과 재벌개혁
19601160,9452,유성엽,5. 전북대 정읍캠퍼스 조기설립 및 기능확대로 우수 고등교육기반 구축
19601160,9452,유성엽,"4. 농업 면세유 연장, 영세 상공인·저소득 서민층 유류세 감면"
19601160,9452,유성엽,3. 기초노령연금수급액 확대로 어르신 생활안정 및 복지증진
19601160,9452,유성엽,2. 국제과학비즈니스벨트 지역거점연구단(Site-Lab) 유치
19601160,9452,유성엽,1. 축산업과 경종농업이 함께 어우러지는 순환복합영농 적극 육성
19551138,9537,김영록,SOC 기반시설 확충
19551138,9537,김영록,사회복지 지원대책
19551138,9537,김영록,지역경제 활성화 대책
19551138,9537,김영록,농어업 활성화 대책
19551138,9537,김영록,정직·신뢰·청렴·소통의 정치 서민농어업인이 우대받는 세상 구현
19601163,9542,이윤석,[공약 5] 농·어민 보호와 경쟁력 있는 농업기반 구축
19601163,9542,이윤석,[공약 4] 기초노령연금 인상 등 어르신 복지 확대
19601163,9542,이윤석,[공약 3] 삼향읍 남악리 목포대학교 의과대학 설립을 통한 보건의료 서비스 확충
19601163,9542,이윤석,[공약 2] 생명을 잇는 연도 연륙교 사업 조기추진
19601163,9542,이윤석,[공약 1] 무안 해안일주도로 중심의 해양레저 관광거점 육성
19551140,9555,이철우,[관광분야] 지역관광 활성화로 경기부양
19551140,9555,이철우,[복지분야] 서민이 행복한 김천 만들기
19551140,9555,이철우,[농업분야]선진농업도시 김천 건설
19551140,9555,이철우,[교통분야] 사통팔달의 교통요충지 김천 건설
19551140,9555,이철우,"[일자리창출]지역경기(혁신도시, 기업유치, 건설) 활성화를 통한 일자리 1만개 창출"
19481132,9559,김광림,바이오산업단지 조성확대와 바이오산업 육성
19481132,9559,김광림,FTA 피해 보전과 안동농업살리기 사업
19481132,9559,김광림,3대문화권 문화·생태·관광기반조성사업
19481132,9559,김광림,도로·철도 등 교통망 구축
19481132,9559,김광림,2014년 신도청 완공과 신도시 조성·유관기관 유치활동
19531123,9583,정희수,[공약 5] 영천 시민의 권익과 복지를 개선하겠습니다.
19531123,9583,정희수,[공약 4]  광역철도망 구축을 통한 지역민의 교통편익을 증진시키겠습니다.
19531123,9583,정희수,[공약 3] 대규모 산업단지 조성을 차질 없이 추진하겠습니다.
19531123,9583,정희수,[공약 2] 영천 경마공원 사업을 차질 없이 추진하겠습니다.
19531123,9583,정희수,"[공약 1] 부자영천, 희망영천을 만들겠습니다."
19571154,19165,이한성,공약 5. 고부가 농업기반 조성과 살기 좋은 농촌 만들기
19571154,19165,이한성,공약 2. 2015 세계군인체육대회 성공 개최
19571154,19165,이한성,공약 1. 유치 대형국가사업 적극추진
19571154,19165,이한성,"공약 3. 녹색성장, 행정중심도시로 도청이전"
19571154,19165,이한성,"공약 4. 영강, 내성천을 아름답게"
19601167,9622,강기윤,[공약 5] 광역도로망 구축 및 대중교통체계 광역화 사업
19601167,9622,강기윤,[공약 4] 제 2안민터널 건설
19601167,9622,강기윤,[공약 3] 창원대 산업의과대학 유치
19601167,9622,강기윤,[공약 2] 동부스포츠센터 건립
19601167,9622,강기윤,[공약 1] 근로자종합복지센터 건립
19631127,18854,조해진,지역 관광산업을 활성화시키겠습니다.
19631127,18854,조해진,낙동강 연안도로를 개설하여 수변레포츠 공원을 조성하겠습니다.
19631127,18854,조해진,FTA 피해보전대책을 철저히 수리하고 농정의 틀을 농민중심으로 바꾸겠습니다.
19631127,18854,조해진,어르신·여성·어린이·장애우와 소외계층에 대한 지원을 확대하고 복지혜택을 늘리겠습니다.
19631127,18854,조해진,대기업 맞춤형 산업단지를 조성하여 큰 기업을 유치하겠습니다.
19481134,9662,여상규,하동 갈사만 경제자유구역 해양플랜트 산업기반 구축
19481134,9662,여상규,남해~여수간 한려대교 및 국도 확포장사업 조기 완공
19481134,9662,여상규,사천 항공국가산단 조성 및 삼천포항 2단계 개발사업 조기 완료
19481134,9662,여상규,상생·협력을 통한 동반발전 추진
19481134,9662,여상규,농어민과 소상공인 지원 및 취약계층 보호를 통한 따뜻한 사회 구현
19631122,9684,신성범,사회적 약자를 위한 맞춤형 복지를 실현하겠습니다.
19631122,9684,신성범,농촌 지역 교육 여건을 개선하고 다문화가정에 필요한 일을 하겠습니다.
19631122,9684,신성범,농산물 수입개방에 대비하여 지원을 확대하겠습니다
19631122,9684,신성범,도로 확·포장을 앞당기겠습니다.
19631122,9684,신성범,기업을 유치하고 신시가지를 조성하겠습니다
1954213,9100,김상희,"경기 서남부권 거점 교육도시 소사, 문화도시 소사 구축"
1954213,9100,김상희,지역경제 활성화 및 주민 거주 안정화 실현
1954213,9100,김상희,보편적 복지를 통해 서민이 체감할 수 있는 생활구조 구축
1954213,9100,김상희,휴먼타운·행복벨트 구축을 위한 경인선 지하화로 지역경제 활성화
1954213,9100,김상희,지속가능한 사회 틀 조성
1961196,8454,안규백,[공약 5] 동대문의 숙원사업! 경원선 지하화 꼭 이뤄내겠습니다.
1961196,8454,안규백,[공약 4] 경제도시 동대문으로의 재도약을 이끌겠습니다.
1961196,8454,안규백,[공약 3] 동대문을 복지특별시로 건설하겠습니다.
1961196,8454,안규백,[공약 2] 동대문을 강북의 교육중심도시로 육성하겠습니다.
1961196,8454,안규백,[공약 1] 문화시설 확충과 문화마인드 활성화를 통한 살기좋은 문화도시 동대문 건설
196229,9159,유은혜,공약5. 교육과 문화의 중심도시 일산 만들기
196229,9159,유은혜,공약4. 99%를 위한 따뜻한 일산 만들기
196229,9159,유은혜,공약3. 평화·공영의 새로운 한반도 시대
196229,9159,유은혜,공약2. 경제민주화 실현과 민생안정
196229,9159,유은혜,공약1. MB역주행 심판과 권력개혁
19531108,8680,나성린,공약5. 부암고가도로 철거
19531108,8680,나성린,공약4. 도심지 철도시설 외곽 이전
19531108,8680,나성린,공약3. 지지부진한 뉴타운 개발의 조속한 휴먼타운식 개발
19531108,8680,나성린,공약2. 부산시민공원내 부산국립국장 건립
19531108,8680,나성린,공약1. 부전역 복합환승센터 조속 완공
1965183,8616,이상규,"<공약5> 도림천 생태복원을 위한 마스터 플랜 마련, 홍수피해 방지 저류조 설치"
1965183,8616,이상규,<공약4> 10인 미만 업체 근로자 사회보험료 지원 및 평균임금 50%로 최저임금 현실화
1965183,8616,이상규,"<공약3> 테마형 보건지소(아토피, 노인, 장애인, 여성) 설치 통한 전 국민 주치의 제도 도입"
1965183,8616,이상규,"<공약2> 재벌 골목상권 진출 방지, 전통시장 공동배달서비스센터, 화장실 등 설치"
1965183,8616,이상규,"<공약1> 고교무상교육 전면실시, 초등교부터 학급당 학생 수 20명으로 제한"
19501106,18865,노철래,친환경 산업·물류 복합 단지 조성
19501106,18865,노철래,광주시 특화형 통합 복지서비스 인프라 확충
19501106,18865,노철래,교육환경 개선
19501106,18865,노철래,광역권 거점도시/수도권 동남권 중심도시를 향한 SOC시설 확충
19501106,18865,노철래,스마트 녹색도시 광주 건설
1967139,8440,홍익표,5. 마장동 한국전력부지 개발사업 조속 추진
1967139,8440,홍익표,4. 성동소방서 유치
1967139,8440,홍익표,3. 맞벌이 부부와 아이를 위한 공동 육아 지원사업 확대
1967139,8440,홍익표,2. 성동 청년을 위한 다양한 일자리 창출
1967139,8440,홍익표,1. GBC 건립을 통한 활력있는 서울동북부 거점 허브도시로 도약
1964210,8462,서영교,"지역자치를 획기적으로 확대, 강화하고 이를 통해 살기 좋은 중랑을 만들겠습니다."
1964210,8462,서영교,"재벌로부터 골목상권을 지키고, 서민경제를 활성화 시키겠습니다."
1964210,8462,서영교,"주민들의 삶의 질을 향상시키고, 함께 잘사는 중랑을 위해 보편적 복지를 실현하겠습니다."
1964210,8462,서영교,"밀어붙이기식 재개발 사업을 중지시키고, 주거 걱정 없는 보편적 주거복지를 실현하겠습니다."
1964210,8462,서영교,"공교육의 혁신을 통해 학부모의 사교육비 부담을 대폭 경감시키며, 즐거움과 희망을 주는 교육, 차별 없는 교육을 실현하겠습니다."
1969132,8479,박홍근,혁신 교육특구 지정 추진
1969132,8479,박홍근,서울시립대 제2캠퍼스 유치 추진
1969132,8479,박홍근,기초노령연금 인상 및 어르신 틀니 지원 확대
1969132,8479,박홍근,무상보육 및 무상의무교육 실현
1969132,8479,박홍근,반값등록금 실현
1950183,8505,유대운,서민의 생활비는 줄이고 자영업자도 편안히 장사할 수 있어야 합니다.
1950183,8505,유대운,보편적 복지(급식·보육·의료) 더 이상 미룰 수 없습니다.
1950183,8505,유대운,일자리 창출이 최고의 복지이며 성장이고 국민화합입니다.
1950183,8505,유대운,고도제한 완화하여 강북발전의 토대를 세우겠습니다.
1950183,8505,유대운,재산세 100% 공동과세로 강·남북 재정불균형을 해결하겠습니다.
1953215,8508,인재근,5. 희망 대한민국 20
1953215,8508,인재근,4. 희망 대한민국 20
1953215,8508,인재근,3. 희망도봉 만들기
1953215,8508,인재근,2. 쌍문동을 바꿔라!
1953215,8508,인재근,1. 창동을 깨워라!
19541103,8513,이노근,경춘선 폐선부지 공원화
19541103,8513,이노근,(구)법원부지 행정복합타운 조성
19541103,8513,이노근,월계동 고등학교 유치
19541103,8513,이노근,역세권 국·공립 ‘해피 영·유아 보육시설’ 확대
19541103,8513,이노근,"자영업자 신용카드 수수료 인하, 간이과세 기준금액 상향"
19551119,8555,길정우,5. 장애인·노인·저소득층 맞춤형복지시스템 구축
19551119,8555,길정우,4. 사회적기업지원센터 설립
19551119,8555,길정우,3. 국공립고교 설립
19551119,8555,길정우,2. 스마트교육문화재단 설립
19551119,8555,길정우,1. 양천지식문화랜드 조성
19531104,8600,신경민,주민이 행복한 영등포를 만들겠습니다
19531104,8600,신경민,"영등포의 전통시장(대신, 대림, 대림중앙, 영진, 우리)과 골목상권을 지켜내겠습니다"
19531104,8600,신경민,혁신학교 유치 및 영등포 혁신교육특구 추진
19531104,8600,신경민,신길동 뉴타운: 주민전수조사 후 전면 재조정
19531104,8600,신경민,여의도 전략정비구역 해제 후 주민 의사를 반영하여 단지별 재건축 및 리모델링 지원
19551120,8620,김회선,"[공약 5] 상습침수지역 대책, 제대로 세우겠습니다."
19551120,8620,김회선,"[공약 4] 부족한 어린이집, 하나하나 확충하겠습니다."
19551120,8620,김회선,"[공약 3] 교육환경 개선, 고등학교부터 신설하겠습니다."
19551120,8620,김회선,[공약 2] 노후한 고속터미널 현대화 사업을 시작하겠습니다.
19551120,8620,김회선,"[공약 1] 정보사 이전, 마무리까지 책임지겠습니다."
1964171,8626,강석훈,[지역공약4] 지역민의 문화욕구 충족을 위한 공간 확보
1964171,8626,강석훈,[지역공약3] 노후 지역을 정비하여 주민의 정주여건 개선
1964171,8626,강석훈,[지역공약2] 아시아 최고 수준의 연구단지 조성과 이를 통한 지역 시너지 창출
1964171,8626,강석훈,[지역공약1] 미개발된 나대지에 서초의 랜드마크 조성
19541105,8630,심윤조,공약4. 편리함이 어우러진 글로벌 제1도시 강남
19541105,8630,심윤조,공약3. 따뜻한 복지 제1도시 강남
19541105,8630,심윤조,공약2. 글로벌 교육 제1도시 강남
19541105,8630,심윤조,공약1. 활력넘치는 경제 제1도시 강남
19521114,8634,김종훈,"공약5. 문화분야 : 건강·복지도시 강남, 미래형 사회보장 시설 확충"
19521114,8634,김종훈,"공약4. 교통분야 : 고속철 시대의 중심으로 강남, 서울의 관문도시 구축"
19521114,8634,김종훈,"공약3. 환경분야 : 생태도시 강남, 쾌적한 녹색도시 조성"
19521114,8634,김종훈,"공약2. 교육도시 강남, 청년일자리 창출 : 안전하고 수준 높은 학교 환경 구축"
19521114,8634,김종훈,공약1. 도시재생사업 : 노후된 주거시설 개선
194828,8643,박인숙,3. 따뜻한 사회만들기
194828,8643,박인숙,2. 따뜻한 정치만들기
194828,8643,박인숙,1. 따뜻한 송파만들기
19531106,8657,신동우,편의시설확충과 교육환경 등 개선
19531106,8657,신동우,기업유치와 일자리 창출
19531106,8657,신동우,암사역사생태공원 재추진
19531106,8657,신동우,재건축 적극 추진
19531106,8657,신동우,지하철 연장추진
19541107,8675,이재균,공약3. 남북항대교 영도 연결도로변 상권을 활성화 시키겠습니다
19541107,8675,이재균,공약2. 영도를 세계적 수준의 해양중심도시로 만들겠습니다
19541107,8675,이재균,공약1. 해양수산부 부활과 본부(청사)를 영도에 유치하겠습니다
1968137,8702,서용교,공약5. 모두에게 꿈과 희망을 심어주는 ‘Happy Dream 남구’
1968137,8702,서용교,공약4. 우리의 아이들이 안전한 ‘Safety 남구’
1968137,8702,서용교,공약3. 백운포 마리나로 만나는 ‘Pride 남구’
1968137,8702,서용교,공약2. 삶의 질 개선을 위한 ‘Well-being 남구’
1968137,8702,서용교,공약1. 생활환경 개선을 위한 ‘Refresh 남구'
1964174,8717,김도읍,공약5. 지역 경제 활성을 위한 지식산업센터 유치
1964174,8717,김도읍,공약4. 부산신항배후 국제물류산업단지 조속추진
1964174,8717,김도읍,공약3. 부산 북·강서의 레저문화 창조
1964174,8717,김도읍,공약2. 모두가 편안하고 안전한 북·강서 만들기
1964174,8717,김도읍,공약1. 교육 중심도시 만들기
1968138,8731,하태경,공약5. 부산경남과학기술원 설립 추진
1968138,8731,하태경,공약4. 동부산관광단지 조기 개발 지원
1968138,8731,하태경,공약3. 기장을 세대·계층별 맞춤형 명품도시로
1968138,8731,하태경,공약2. 해운대를 대한민국의 대표 브랜드로
1968138,8731,하태경,공약1. 교육환경 개선과 일자리 창출을 최우선 과제로
197614,8735,문대성,공약5. <복합 보육·문화시설> 건설
197614,8735,문대성,공약4. <종합 스포츠센터> 건립
197614,8735,문대성,공약3. <행복마을 조성>을 통한 주거환경 개선
197614,8735,문대성,공약2. <을숙도 국립 청소년 생태체험 수련원> 건설
197614,8735,문대성,공약1. <하단~사상 도시철도> 조기 착공
19531110,8761,문재인,공약5. 느끼고 체험하는 어린이 과학공원 조성
19531110,8761,문재인,공약4. 지하철 및 낙동강다리의 조기 착공 및 완공
19531110,8761,문재인,공약3. 부산 구치소 이전과 서부 법조 타운 조성
19531110,8761,문재인,공약2. 사상공단의 첨단산업단지를 위한 특별법 제정
19531110,8761,문재인,공약1. 낙동강 하구둑 개방으로 생태복원과 관광지화
19581100,8765,김희국,공약5. 요람에서 황혼까지 행복찾기 프로젝트
19581100,8765,김희국,공약4. 문화산업 활성화 프로젝트
19581100,8765,김희국,공약3. 일자리 창출 프로젝트
19581100,8765,김희국,공약2. 남부권 발전 프로젝트
19581100,8765,김희국,공약1. 맞춤형 도심 재개발 프로젝트
19571122,8774,유성걸,답보상태인<대구경북권 맑은 물 공급사업> 추진
19571122,8774,유성걸,K-2이전 반드시 관철
19571122,8774,유성걸,대구기상대 성공이전 및 전시체험관 조성
19571122,8774,유성걸,신암동 뉴타운 개발사업의 지속적 추진
19571122,8774,유성걸,동대구역세권의 지속적 개발
1963196,8788,김상훈,▣지하철4호선 연장노선 신설
1963196,8788,김상훈,▣전통시장 활성화
1963196,8788,김상훈,"▣서대구 공단, 서대구 화물역부지 단계적 복합개발"
1963196,8788,김상훈,▣서구주민 교육지원 사업 확대
1963196,8788,김상훈,▣도시가스 인입배관 공급확대
195928,8794,권은희,"쾌적한 도시환경, 살고 싶은 북구"
195928,8794,권은희,살맛나는 북구 공동체
195928,8794,권은희,일자리가 넘치는 산업도시 북구
195928,8794,권은희,"안전한 일류 교육 도시, 북구"
195928,8794,권은희,경북도청 후적지-대구시청 이전 ☞ 행정·교육·문화 복합형 콤플렉스 조성
19611104,8818,윤재옥,공약5 도로건설 확대 및 쾌적한 도시환경 조성
19611104,8818,윤재옥,공약4 대구 에코폴리스(Eco Polis) 조성
19611104,8818,윤재옥,공약3‘다같이 하나로’ 사업 추진
19611104,8818,윤재옥,공약2 달서구를 ‘명품 교육도시’로 육성
19611104,8818,윤재옥,공약1 달서구를 ‘보육 선진도시’로 육성
1950187,8825,이종진,달성을 문화관광의 메카로 키워나가겠습니다.
1950187,8825,이종진,지역민과 소통의 정치를 펼치겠습니다.
1950187,8825,이종진,사통팔달의 도로망을 확충하겠습니다.
1950187,8825,이종진,지역경제 활성화와 청년실업난을 해소하겠습니다
1950187,8825,이종진,군민이면 누구나 행복한 달성을 만들겠습니다.
19581107,8850,박남춘,어르신과 사회적 약자가 행복한 남동구
19581107,8850,박남춘,엄마와 아이가 행복한 남동구
19581107,8850,박남춘,사통팔달! 살기 좋은 남동구
19581107,8850,박남춘,일자리가 넘쳐나는 남동구
19581107,8850,박남춘,국회의원 특권 폐지와 정치개혁
19601146,8858,윤관석,남동구공교육 시범사업 추진
19601146,8858,윤관석,남동구녹지벨트 조성 및 레저 중심축 발전방안 마련
19601146,8858,윤관석,인천2호선~KTX광명역 연장 및 서창2지구연장역 추진
19601146,8858,윤관석,서창~장수고속도로 조기완공 및 무료화
19601146,8858,윤관석,남동공단구조고도화사업 적극 추진
1963197,8880,최원식,동네 구석구석까지 발전하는 균형도시 계양
1963197,8880,최원식,일자리 창출과 산업이 발전하는 경제도시 계양
1963197,8880,최원식,쾌적하고 친환경적인 관광미래도시 계양
1963197,8880,최원식,따뜻한 돌봄과 희망의 복지도시 계양
1963197,8880,최원식,정부 정책의 대전환으로 함께 살자!
19461128,8884,안덕수,도시근교농업육성으로 농업경쟁력 제고
19461128,8884,안덕수,대산~인화~외포 간 서북부 해안순환도로 조기 개설 추진
19461128,8884,안덕수,검단신도시 활성화 방안 적극추진
19461128,8884,안덕수,검단신도시 1·2지구 개발 조기 매듭
19461128,8884,안덕수,서울~강화간 고속화도로 건설
1956212,8900,박혜자,5. 지방분권
1956212,8900,박혜자,4. 경제민주화
1956212,8900,박혜자,3. 청년대책
1956212,8900,박혜자,2. 지역현안
1956212,8900,박혜자,1. 복지정책
19521123,8911,장병완,지방재정 관련 법령 개정을 통한 지방재정 건전화
19521123,8911,장병완,문화교육특구에 걸맞은 문화교육시설 확충
19521123,8911,장병완,일자리 창출 및 세수기반 확충 전략 III.임암동 일대 전통발효식품클러스터 조성
19521123,8911,장병완,일자리 창출 및 세수기반 확충 전략 II.송암공단내 국책연구기관인 문화기술(CT)연구원 설립
19521123,8911,장병완,일자리 창출 및 세수기반 확충 전략 I.노후화된 송암공단을 첨단문화산업클러스터로 조성
19521124,8924,임내현,골목상권 및 재래시장 활성화 대책
19521124,8924,임내현,웰빙시대를 선도하는 생활스포츠타운 조성
19521124,8924,임내현,노후가 든든한 노인행복타운 조성
19521124,8924,임내현,문화와 예술이 흐르는 문화예술 허브도시 조성
19521124,8924,임내현,과학선도도시 건설을 위한 첨단과학산업단지 확대조성
19551125,8962,박성효,대덕의 허리‘동서 번영로’(평송 청소년 수련원-대전산업단지)개설
19551125,8962,박성효,"명문 고등학교(남부권, 신탄진) 육성 및 교육 불균형 해소"
19551125,8962,박성효,"중리, 오정, 신탄진 전통시장과 골목 상권 활성화"
19551125,8962,박성효,"오정동, 효자지구, 대화동, 법동, 신탄진 등 도시재생 촉진"
19551125,8962,박성효,국철 전철화(신탄진-계룡구간) 조기 착공 및 역세권 개발
19511100,8992,박대동,동해남부선 철로 이설 및 녹지공원 조성
19511100,8992,박대동,국립 산업 기술 박물관 울산 북구 유치
19511100,8992,박대동,"중산동 신,베드(bed)타운 조성"
19511100,8992,박대동,오토밸리로 2공구(송정IC~농소2동IC) 개설 및 송전철탑 지중화 사업 연계 실시
19511100,8992,박대동,북구 테크노파크(산업기술단지) 및 시민공원 100만평 조성
19631100,9022,신장용,수원ㆍ화성ㆍ오산 행정구역 통합(복원) 추진
19631100,9022,신장용,주거환경 개선사업 기반시설 국비지원 강화
19631100,9022,신장용,서수원 문화예술회관 건립
19631100,9022,신장용,수인선 도심구간 지하화 추진
19631100,9022,신장용,수원비행장 이전 및 소음 피해보상 확대
19601149,9049,이종훈,서울외곽순환고속도로 운중교 구간 이설 차질없이 착공
19601149,9049,이종훈,판교~월곶복선전철사업 확정 및 서판교역 신설
19601149,9049,이종훈,판교 공공임대아파트 분양전환가 인하 추진
19601149,9049,이종훈,"야탑3동 보호관찰소 백지화, 마무리"
19601149,9049,이종훈,분당~수서 고속화도로(매송~벌말구간) 지하차도 설치 및 국지도 57호선 소음저감대책 조속한 확정
19581115,9053,전하진,"어르신들이 계셨기에 가능할 수 있었던 지금의 대한민국, 이젠 마땅히 누리셔야 할 의무가 있습니다."
19581115,9053,전하진,믿고 맡길 수 있는 질 높은 보육·교육시설을 확대하고 육성하겠습니다.
19581115,9053,전하진,IT기업 유치 및‘IT 인성교육 캠퍼스’조성을 통해 분당을‘IT메카’로 조성하겠습니다.
19581115,9053,전하진,예측 가능한 정책 추진을 통해 부동산시장을 안정화시키겠습니다.
1972218,9114,이언주,근로조건 취약계층인 일하는 여성의 근로조건을 개선
1972218,9114,이언주,아이와 부모가 행복한 도시 건설을 위한 보편적 복지 확충
1972218,9114,이언주,경제민주화 실현으로 공정거래질서 확립과 청년일자리를 창출
1972218,9114,이언주,광역교통 인프라 구축으로 교통 불편 해소
1972218,9114,이언주,KTX광명역세권의 투자촉진과 개발 분위기를 조성으로 지역경제를 활성화
19561115|197515,9123,이재영,공약 5. 중앙과 지방의 가교역할로 지방자치구현 및 수도권 규제 완화
19561115|197515,9123,이재영,공약 4. 지역주민을 섬기는 평생 복지실현
19561115|197515,9123,이재영,공약 3. 관광산업 활성화 및 문화향유 기회 확대
19561115|197515,9123,이재영,공약 2. 일자리 창출 및 지역경제 활성화
19561115|197515,9123,이재영,공약 1. 지역개발을 위한 약속
1964179,9141,김명연,"5.화정천 생태하천 조성사업을 통한 인간과 자연이 공존하는 그린도시 안산, 에코도시 안산 만들기!"
1964179,9141,김명연,"4.주거안정, 교육, 아이 키우기 좋은 나라만들기"
1964179,9141,김명연,3.석수골역 역세권 및 선부 복합역사 개발을 통한 단원구 전체의 균형적 발전추진
1964179,9141,김명연,2.경제불평등 해소와 사회적 일자리 창출
1964179,9141,김명연,1.정치개혁
19561116,9148,부좌현,5. 사리포구 복원과 뱃길을 이용한 대부도 관광 활성화
19561116,9148,부좌현,4. 일자리 맞춤형 직업훈련시스템 구축
19561116,9148,부좌현,3. 최저임금 현실화
19561116,9148,부좌현,2. 무상보육 실현
19561116,9148,부좌현,1. 건강보험의 보장성 강화
1967147,9169,송호창,도시 비전 T/F팀 구성 및 주민의견 수렴 제도화
1967147,9169,송호창,여성과 청소년을 위한 복합문화공간 건립
1967147,9169,송호창,고천 중심지구 개발 조기 착수
1967147,9169,송호창,지하철 및 복선전철 조기 개통으로 교통망 확충
1967147,9169,송호창,"혁신학교, 특성화 학교, 자율형 공립고교 지정 확대"
19491114,9196,고희선,복지 페러다임의 투자 전환
19491114,9196,고희선,"해양레저 관광 및 교육, 문화, 복지 인프라 구축"
19491114,9196,고희선,서부권 교통 허브 도시 구축
19491114,9196,고희선,첨단 新산업 그린 클러스터 구축
19491114,9196,고희선,전략 프로젝트 사업의 성공적 조기완공
19521132,9219,이학영,시민이 주인되는 정치를 시민들과 함께 실현 정착
19521132,9219,이학영,검찰의 권한남용 방지와 정치적 중립 확산을 위한 검찰개혁
19521132,9219,이학영,지역경제 활성화와 일자리 창출 위한 지원기반 확충
19521132,9219,이학영,군포시민 복지기준선 마련 및 국민기초생활보장 강화
19521132,9219,이학영,수도권 제1의 혁신교육도시 조성 및 교육·보육환경 개선
1966166,9239,김민기,4. 경찰대 법무연수원부지 활용도를 높이겠습니다.
1966166,9239,김민기,3. 출퇴근길 편안하게 만들겠습니다.
1966166,9239,김민기,"2. 기흥호수,‘용인의 자랑’ 만들겠습니다"
1966166,9239,김민기,1. 경전철 살리고 순환 교통 개선
1966166,9239,김민기,"5. 각 동별 교통, 보건, 복지, 문화 등 정책 소외 사각지대 해소"
1964183,9272,김진태,페스타 인 춘천 (Festa in Chuncheon)
1964183,9272,김진태,호반 문화·관광 클러스터 조성
1964183,9272,김진태,기상 · 기후 클러스터 유치
1964183,9272,김진태,지방행정체제 개편을 통한 50만 명품도시 건설
1964183,9272,김진태,블루골드(Blue-Gold) 프로젝트
19521133,9277,김기선,수도권 시대 개막과 50만 중부내륙 거점도시 원주
19521133,9277,김기선,희망이 살아 숨쉬는 농촌건설
19521133,9277,김기선,지역경제가 살고 일자리가 보장되는 역동적인 원주
19521133,9277,김기선,사회적 약자가 소외받지 않는 원주
19521133,9277,김기선,아이 낳아 키우기가 행복한 원주
19531115,9280,이강후,5. 여주~원주 수도권 전철 조기 착공
19531115,9280,이강후,"4. 지역 특산물의 관광 상품화, 치악산 관광 인프라 구축"
19531115,9280,이강후,3. 원주천 홍수조절댐 건설
19531115,9280,이강후,2. 원주 의료기기 특구 지정 및 의료기기 생산 기지화
19531115,9280,이강후,1. 혁신도시·기업도시 조기완공을 통한 더 많은 일자리 창출
19601157,9283,권성동,골고루 발전하는 강릉 만들기
19601157,9283,권성동,희망 나눔·행복 가득 강릉 만들기
19601157,9283,권성동,글로벌 관광 도시 강릉 만들기
19601157,9283,권성동,일자리와 함께 커지는 강릉 만들기
19601157,9283,권성동,계속 성장하는 강릉 만들기
19591126,9285,이이재,동해고속도로 삼척연장 조기 완공
19591126,9285,이이재,원주~강릉 복선전철 동해·삼척연장
19591126,9285,이이재,동해안권 경제자유구역(FEZ) 조기지정
19591126,9285,이이재,동해안권 발전을 위한 북극항로 시대 조기 개척
19591126,9285,이이재,국도 38호선(삼척 미로~태백 통동 간)건설 조기 완공
19521135,9298,한기호,국도 31호선 인프라 개선
19521135,9298,한기호,국도 31호선(양구~인제) 직선화 개량
19521135,9298,한기호,국도 5호선(춘천~화천) 확장공사
19521135,9298,한기호,철원평화산업단지 조성 사업
19521135,9298,한기호,「접경지역지원특별법」개정 및 보완
19531118,9344,박덕흠,노인복지 및 일자리 개선
19531118,9344,박덕흠,"FTA이익 공유세 신설, 농어촌지원 기금마련"
19531118,9344,박덕흠,고등학교 무상의무 교육
19531118,9344,박덕흠,소상공인 지원센터 유치 및 기능 예산 강화
19531118,9344,박덕흠,베이비 부머 세대 유입 귀농귀촌 특구 조성
19581127,9347,경대수,중부권 솔라밸리 핵심 벨트 조성
19581127,9347,경대수,태생국가산업단지 조기지정 및 조성
19581127,9347,경대수,FTA 발효에 따른 피해구제 내실화
19581127,9347,경대수,음성·진천 혁신도시 성공적 추진
19581127,9347,경대수,2015 괴산 유기농 엑스포의 성공적 개최
1964187,9359,박수현,5. 공주지역의 권역별 발전 방안
1964187,9359,박수현,4. 벌다！ - 돈 버는 농·축산·임업
1964187,9359,박수현,3. 찾아오다！ - 스스로 찾아오는 기업
1964187,9359,박수현,2. 같이 살다 - 세종시！
1964187,9359,박수현,1. 심판！
19521136,9387,김근태,[공약5] 세종시 내포신도시 배후도시 육성
19521136,9387,김근태,[공약4] 더불어 사는 따뜻한 복지
19521136,9387,김근태,[공약3] 금강과 칠갑산을 연계한 관광개발
19521136,9387,김근태,[공약2] 부여고도보존계획 조기실현
19521136,9387,김근태,[공약1] 농촌살리기 특별법 제정
19581130,9405,김동완,5. 부동산 양도소득세 세율인하 추진으로 지역경제 활성화
19581130,9405,김동완,4. 경로당 복지개선.실버홈 등 고령농어민 종합복지 대책으로 편안한 노후지원
19581130,9405,김동완,3. 동부대로 롯데마트에서 원당·송산간 연계도로 4차선 신설
19581130,9405,김동완,2. FTA 등 무역수지 개선에 의한 세수증가분의 일정률을 농업특별세 신설로 농어업 보호
19581130,9405,김동완,1. 당진의 젊은이들이 당진입주기업에 취업하는 체재가 갖추어지도록 산.관.학 협력 직업훈련기관 설립.인재기술 교육강화
1966170,9416,김윤덕,10분생활권 문화·체육·복지도시
1966170,9416,김윤덕,마을재생 코디네이터 시범도시
1966170,9416,김윤덕,젊은 전주를 위한 문화서비스 산업수도
1966170,9416,김윤덕,경제민주주의와 남북교류 지원
1966170,9416,김윤덕,젊은 정치를 위한 인재육성과 소통강화
19631115,9424,이상직,전북 R&D 특구 지정 추진
19631115,9424,이상직,새만금 개발청 및 새만금 특별회계 설치
19631115,9424,이상직,‘부자증세’를 통한 경제민주화
19631115,9424,이상직,‘9988’ 중소기업 기(氣)살리기를 통한 경제민주화
19631115,9424,이상직,재벌개혁을 통한 경제민주화
1964191,9427,김성주,골목길 안전한 보행로 만들기
1964191,9427,김성주,동네마다 작은도서관 만들기
1964191,9427,김성주,덕진공원·건지산 명소화 추진
1964191,9427,김성주,보편복지국가
1964191,9427,김성주,지속가능사회
196916,4676,김관영,전북대병원 조기 유치
196916,4676,김관영,비응항 일대 해양 관광레저단지 조성
196916,4676,김관영,농어민 직불제 및 농어업 재해보험 확대
196916,4676,김관영,금강통합권 국책사업 유치
196916,4676,김관영,새만금 특별법 개정:새만금 전담기구 및 특별회계 설치
1960216,9445,전정희,공약5 복합시니어센터 조성사업
1960216,9445,전정희,공약4 고도익산 르네상스사업
1960216,9445,전정희,공약3 농축산 식품 글로벌 교육센터 조성
1960216,9445,전정희,공약2 산업동물의 메카 조성사업
1960216,9445,전정희,공약 1 LED-BIT 융복합 첨단 비즈니스밸리 조성사업
1964194,9465,박민수,"5. 복지확대, 복지만족도 2배 상승"
1964194,9465,박민수,4. 농산촌 교육특구 추진
1964194,9465,박민수,2. 소통과 참여정치 실천
1964194,9465,박민수,1. MB 정부 심판
1964194,9465,박민수,"3. 한미 FTA 재협상, 농업농촌 대책수립"
1967151,9504,김선동,"5. 자연과 인간, 문화와 산업이 성장하는 곡성발전 약속하겠습니다."
1967151,9504,김선동,2. 노동이 행복한 대한민국을 만들겠습니다.
1967151,9504,김선동,1. MB심판! 정권교체! 속 시원한 정치! 실현하겠습니다.
1967151,9504,김선동,4. 일하는 사람들이 행복한 순천을 만들겠습니다.
1967151,9504,김선동,3. 국가 책임 농정 실현으로 농업ㆍ농촌을 살리겠습니다.
19461135,9552,정수성,5. 양성자 가속기를 연계한 원자력병원 설립을 추진하겠습니다.
19461135,9552,정수성,4. 양성자가속기에서 생성되는 양성자 빔을 활용하는 기업들이 입주할 수 있는 산업단지 조성을 추진하겠습니다.
19461135,9552,정수성,3. 감포해양관광단지를 조성해 해양 레크리에이션 중심지로 육성하겠습니다.
19461135,9552,정수성,2. 보문호수에 미국 라스베가스의 벨라지오 분수쇼처럼 대형 분수대를 설치해 ‘살아 움직이는 호수’로 개발하겠습니다.
19461135,9552,정수성,1. 한수원 본사 직원사택과 한수원 유관기업들이 조속히 이전할 수 있도록 복합단지를 도심권에 조성하겠습니다.
19611128,9562,심학봉,1. 일자리 늘리기
19611128,9562,심학봉,5. 구미를 한국의 실리콘밸리로!
19611128,9562,심학봉,4. 주거비·생활비 줄이기
19611128,9562,심학봉,3. 중소기업 지원 및 비정규직 처우개선
19611128,9562,심학봉,2. 교육·보육·복지
19571147,9603,이완영,"5. 광역도시권 융복합 관광벨트 구축 (고령, 성주)"
19571147,9603,이완영,4. 고감성 스포츠웨어 생산기반지원 R&DB 조성사업 (칠곡)
19571147,9603,이완영,3. 하이퍼텍스 기계산업단지 조성사업 (칠곡)
19571147,9603,이완영,"2. 대경권 농산물 복합물류센터 건립 (고령, 성주)"
19571147,9603,이완영,"1. 대구·경북 광역경제권 순환도로 (고령, 성주, 칠곡)"
19571150,9620,박성호,"미래 창원의 성장동력 산업, 집중 육성하겠습니다!"
19571150,9620,박성호,"전통시장 활성화·중소상권, 제가 지키겠습니다!"
19571150,9620,박성호,"서민들의 불편·부담, 확 줄이겠습니다!"
19571150,9620,박성호,아이들 보육문제·교육문제! 반드시 해결하겠습니다!
19571150,9620,박성호,"동·대·북 지역의 새로운 성장, 꼭 이루겠습니다!"
19541122,9639,김성찬,태백삼거리~속천을 잇는 해안도로를 개설하겠습니다.
19541122,9639,김성찬,시운학부에 “진해 복합체육문화센터”를 짓겠습니다.
19541122,9639,김성찬,"웅동 물류단지 2단계 공사를 본격 추진하여, 일자리를 대폭 늘리겠습니다."
19541122,9639,김성찬,"서민들의 전세값 안정을 위해 임대아파트 3,000여세대 공급을 추진하겠습니다."
19541122,9639,김성찬,진해루 앞바다를 민·군 복지타운으로 조성하겠습니다.
19611131,9644,박대출,찾아오고 싶은 진주를 만들겠습니다.
19611131,9644,박대출,‘함께 누리는 진주’를 만들겠습니다 - 3
19611131,9644,박대출,‘함께 누리는 진주’를 만들겠습니다 - 2
19611131,9644,박대출,"항공산업 국가산업단지 조성으로, 진주의 신성장동력을 창출하겠습니다"
19611131,9644,박대출,‘함께 누리는 진주’를 만들겠습니다 - 1
19611133,9668,민홍철,일자리는 늘리고 복지는 높이고
19611133,9668,민홍철,안동공단 재개발
19611133,9668,민홍철,대동 첨단산업단지 차질 없는 조성
19611133,9668,민홍철,경전철 적자 해결
19611133,9668,민홍철,정책공약
19621110,9670,김태호,교육환경 및 시설 개선
19621110,9670,김태호,도시가스 공급 확대 추진
19621110,9670,김태호,임호체육공원 조성
19621110,9670,김태호,대중교통 체계 개편
19621110,9670,김태호,도로개선 및 정비사업
19641100,9681,윤영석,5. 문화와 자연이 숨쉬는 양산
19641100,9681,윤영석,4. 골목상권이 살아나는 양산
19641100,9681,윤영석,3. 복지가 넘치는 양산
19641100,9681,윤영석,2. 아이키우기가 편한 양산
19641100,9681,윤영석,1. 일자리가 넘쳐나는 양산
19451101,9682,조현룡,○ 장애인 시설확충
19451101,9682,조현룡,○ 황강 직강 공사 시행
19451101,9682,조현룡,○ 의령-합천 KTX 고속철도 조기착공
19451101,9682,조현룡,○ FTA 체결 농민피해 대책수립
19451101,9682,조현룡,○ 천주산터널 조기착공
1965187,8935,이장우,사회적 약자를 보호하는 정책 실현
1965187,8935,이장우,서민 경제 안정 정책을 통한 사회 양극화 해소
1965187,8935,이장우,"98.1%의 중산층, 하층 국민의 입장을 대변하고, 국민들에게 실질적인 공감을 받는 정책 실현"
1965187,8935,이장우,지방 분권 관련 법률안 제정을 통한 실질적 국가 균형 발전
1965187,8935,이장우,"대전 동구 도시철도 2호선 지하화 관철, 주거환경개선사업 및 역세권 개발의 강력한 추진"
19491120,9588,김종태,5. 상주 종합문화예술회관 시설을 위한 국비를 확보하겠습니다.
19491120,9588,김종태,"4. 소외 계층의 복지, 모두가 만족하는 교육.전통과 현대가 조화를 이루는 사람중심의 상주로 만들겠습니다."
19491120,9588,김종태,"3. 낙동강권 관광벨트 조성,관광특구 지정, 관광객 유도를 위한 레포츠 시설, 시민스포츠 시설을 설치하도록 하겠습니다."
19491120,9588,김종태,"2. 인구가 증가하는 상주, 공군사격장을 첨단산업단지로 탈바꿈 시키겠습니다."
19491120,9588,김종태,"1. 상주는 농촌 도시이므로 곶감, 쌀, 축산, 원예농업 생산기반구축과 친환경 농업분야의 기술개발, 종합물류유통단지 유치로 대한민국 최고의 농업도시로 만들겠습니다."
